filename,defect_type,severity
data\clean\clean_0000.jpg,clean,none
data\clean\clean_0001.jpg,clean,none
data\clean\clean_0002.jpg,clean,none
data\clean\clean_0003.jpg,clean,none
data\clean\clean_0004.jpg,clean,none
data\clean\clean_0005.jpg,clean,none
data\clean\clean_0006.jpg,clean,none
data\clean\clean_0007.jpg,clean,none
data\clean\clean_0008.jpg,clean,none
data\clean\clean_0009.jpg,clean,none
data\clean\clean_0010.jpg,clean,none
data\clean\clean_0011.jpg,clean,none
data\clean\clean_0012.jpg,clean,none
data\clean\clean_0013.jpg,clean,none
data\clean\clean_0014.jpg,clean,none
data\clean\clean_0015.jpg,clean,none
data\clean\clean_0016.jpg,clean,none
data\clean\clean_0017.jpg,clean,none
data\clean\clean_0018.jpg,clean,none
data\clean\clean_0019.jpg,clean,none
data\clean\clean_0020.jpg,clean,none
data\clean\clean_0021.jpg,clean,none
data\clean\clean_0022.jpg,clean,none
data\clean\clean_0023.jpg,clean,none
data\clean\clean_0024.jpg,clean,none
data\clean\clean_0025.jpg,clean,none
data\clean\clean_0026.jpg,clean,none
data\clean\clean_0027.jpg,clean,none
data\clean\clean_0028.jpg,clean,none
data\clean\clean_0029.jpg,clean,none
data\clean\clean_0030.jpg,clean,none
data\clean\clean_0031.jpg,clean,none
data\clean\clean_0032.jpg,clean,none
data\clean\clean_0033.jpg,clean,none
data\clean\clean_0034.jpg,clean,none
data\clean\clean_0035.jpg,clean,none
data\clean\clean_0036.jpg,clean,none
data\clean\clean_0037.jpg,clean,none
data\clean\clean_0038.jpg,clean,none
data\clean\clean_0039.jpg,clean,none
data\clean\clean_0040.jpg,clean,none
data\clean\clean_0041.jpg,clean,none
data\clean\clean_0042.jpg,clean,none
data\clean\clean_0043.jpg,clean,none
data\clean\clean_0044.jpg,clean,none
data\clean\clean_0045.jpg,clean,none
data\clean\clean_0046.jpg,clean,none
data\clean\clean_0047.jpg,clean,none
data\clean\clean_0048.jpg,clean,none
data\clean\clean_0049.jpg,clean,none
data\clean\clean_0050.jpg,clean,none
data\clean\clean_0051.jpg,clean,none
data\clean\clean_0052.jpg,clean,none
data\clean\clean_0053.jpg,clean,none
data\clean\clean_0054.jpg,clean,none
data\clean\clean_0055.jpg,clean,none
data\clean\clean_0056.jpg,clean,none
data\clean\clean_0057.jpg,clean,none
data\clean\clean_0058.jpg,clean,none
data\clean\clean_0059.jpg,clean,none
data\clean\clean_0060.jpg,clean,none
data\clean\clean_0061.jpg,clean,none
data\clean\clean_0062.jpg,clean,none
data\clean\clean_0063.jpg,clean,none
data\clean\clean_0064.jpg,clean,none
data\clean\clean_0065.jpg,clean,none
data\clean\clean_0066.jpg,clean,none
data\clean\clean_0067.jpg,clean,none
data\clean\clean_0068.jpg,clean,none
data\clean\clean_0069.jpg,clean,none
data\clean\clean_0070.jpg,clean,none
data\clean\clean_0071.jpg,clean,none
data\clean\clean_0072.jpg,clean,none
data\clean\clean_0073.jpg,clean,none
data\clean\clean_0074.jpg,clean,none
data\clean\clean_0075.jpg,clean,none
data\clean\clean_0076.jpg,clean,none
data\clean\clean_0077.jpg,clean,none
data\clean\clean_0078.jpg,clean,none
data\clean\clean_0079.jpg,clean,none
data\synthetic\clean_0000_blur_mild.jpg,blur,mild
data\synthetic\clean_0000_blur_medium.jpg,blur,medium
data\synthetic\clean_0000_blur_severe.jpg,blur,severe
data\synthetic\clean_0000_underexposure_mild.jpg,underexposure,mild
data\synthetic\clean_0000_underexposure_medium.jpg,underexposure,medium
data\synthetic\clean_0000_underexposure_severe.jpg,underexposure,severe
data\synthetic\clean_0000_overexposure_mild.jpg,overexposure,mild
data\synthetic\clean_0000_overexposure_medium.jpg,overexposure,medium
data\synthetic\clean_0000_overexposure_severe.jpg,overexposure,severe
data\synthetic\clean_0000_noise_mild.jpg,noise,mild
data\synthetic\clean_0000_noise_medium.jpg,noise,medium
data\synthetic\clean_0000_noise_severe.jpg,noise,severe
data\synthetic\clean_0000_corruption_mild.jpg,corruption,mild
data\synthetic\clean_0000_corruption_medium.jpg,corruption,medium
data\synthetic\clean_0000_corruption_severe.jpg,corruption,severe
data\synthetic\clean_0000_visual_defect_mild.jpg,visual_defect,mild
data\synthetic\clean_0000_visual_defect_medium.jpg,visual_defect,medium
data\synthetic\clean_0000_visual_defect_severe.jpg,visual_defect,severe
data\synthetic\clean_0001_blur_mild.jpg,blur,mild
data\synthetic\clean_0001_blur_medium.jpg,blur,medium
data\synthetic\clean_0001_blur_severe.jpg,blur,severe
data\synthetic\clean_0001_underexposure_mild.jpg,underexposure,mild
data\synthetic\clean_0001_underexposure_medium.jpg,underexposure,medium
data\synthetic\clean_0001_underexposure_severe.jpg,underexposure,severe
data\synthetic\clean_0001_overexposure_mild.jpg,overexposure,mild
data\synthetic\clean_0001_overexposure_medium.jpg,overexposure,medium
data\synthetic\clean_0001_overexposure_severe.jpg,overexposure,severe
data\synthetic\clean_0001_noise_mild.jpg,noise,mild
data\synthetic\clean_0001_noise_medium.jpg,noise,medium
data\synthetic\clean_0001_noise_severe.jpg,noise,severe
data\synthetic\clean_0001_corruption_mild.jpg,corruption,mild
data\synthetic\clean_0001_corruption_medium.jpg,corruption,medium
data\synthetic\clean_0001_corruption_severe.jpg,corruption,severe
data\synthetic\clean_0001_visual_defect_mild.jpg,visual_defect,mild
data\synthetic\clean_0001_visual_defect_medium.jpg,visual_defect,medium
data\synthetic\clean_0001_visual_defect_severe.jpg,visual_defect,severe
data\synthetic\clean_0002_blur_mild.jpg,blur,mild
data\synthetic\clean_0002_blur_medium.jpg,blur,medium
data\synthetic\clean_0002_blur_severe.jpg,blur,severe
data\synthetic\clean_0002_underexposure_mild.jpg,underexposure,mild
data\synthetic\clean_0002_underexposure_medium.jpg,underexposure,medium
data\synthetic\clean_0002_underexposure_severe.jpg,underexposure,severe
data\synthetic\clean_0002_overexposure_mild.jpg,overexposure,mild
data\synthetic\clean_0002_overexposure_medium.jpg,overexposure,medium
data\synthetic\clean_0002_overexposure_severe.jpg,overexposure,severe
data\synthetic\clean_0002_noise_mild.jpg,noise,mild
data\synthetic\clean_0002_noise_medium.jpg,noise,medium
data\synthetic\clean_0002_noise_severe.jpg,noise,severe
data\synthetic\clean_0002_corruption_mild.jpg,corruption,mild
data\synthetic\clean_0002_corruption_medium.jpg,corruption,medium
data\synthetic\clean_0002_corruption_severe.jpg,corruption,severe
data\synthetic\clean_0002_visual_defect_mild.jpg,visual_defect,mild
data\synthetic\clean_0002_visual_defect_medium.jpg,visual_defect,medium
data\synthetic\clean_0002_visual_defect_severe.jpg,visual_defect,severe
data\synthetic\clean_0003_blur_mild.jpg,blur,mild
data\synthetic\clean_0003_blur_medium.jpg,blur,medium
data\synthetic\clean_0003_blur_severe.jpg,blur,severe
data\synthetic\clean_0003_underexposure_mild.jpg,underexposure,mild
data\synthetic\clean_0003_underexposure_medium.jpg,underexposure,medium
data\synthetic\clean_0003_underexposure_severe.jpg,underexposure,severe
data\synthetic\clean_0003_overexposure_mild.jpg,overexposure,mild
data\synthetic\clean_0003_overexposure_medium.jpg,overexposure,medium
data\synthetic\clean_0003_overexposure_severe.jpg,overexposure,severe
data\synthetic\clean_0003_noise_mild.jpg,noise,mild
data\synthetic\clean_0003_noise_medium.jpg,noise,medium
data\synthetic\clean_0003_noise_severe.jpg,noise,severe
data\synthetic\clean_0003_corruption_mild.jpg,corruption,mild
data\synthetic\clean_0003_corruption_medium.jpg,corruption,medium
data\synthetic\clean_0003_corruption_severe.jpg,corruption,severe
data\synthetic\clean_0003_visual_defect_mild.jpg,visual_defect,mild
data\synthetic\clean_0003_visual_defect_medium.jpg,visual_defect,medium
data\synthetic\clean_0003_visual_defect_severe.jpg,visual_defect,severe
data\synthetic\clean_0004_blur_mild.jpg,blur,mild
data\synthetic\clean_0004_blur_medium.jpg,blur,medium
data\synthetic\clean_0004_blur_severe.jpg,blur,severe
data\synthetic\clean_0004_underexposure_mild.jpg,underexposure,mild
data\synthetic\clean_0004_underexposure_medium.jpg,underexposure,medium
data\synthetic\clean_0004_underexposure_severe.jpg,underexposure,severe
data\synthetic\clean_0004_overexposure_mild.jpg,overexposure,mild
data\synthetic\clean_0004_overexposure_medium.jpg,overexposure,medium
data\synthetic\clean_0004_overexposure_severe.jpg,overexposure,severe
data\synthetic\clean_0004_noise_mild.jpg,noise,mild
data\synthetic\clean_0004_noise_medium.jpg,noise,medium
data\synthetic\clean_0004_noise_severe.jpg,noise,severe
data\synthetic\clean_0004_corruption_mild.jpg,corruption,mild
data\synthetic\clean_0004_corruption_medium.jpg,corruption,medium
data\synthetic\clean_0004_corruption_severe.jpg,corruption,severe
data\synthetic\clean_0004_visual_defect_mild.jpg,visual_defect,mild
data\synthetic\clean_0004_visual_defect_medium.jpg,visual_defect,medium
data\synthetic\clean_0004_visual_defect_severe.jpg,visual_defect,severe
data\synthetic\clean_0005_blur_mild.jpg,blur,mild
data\synthetic\clean_0005_blur_medium.jpg,blur,medium
data\synthetic\clean_0005_blur_severe.jpg,blur,severe
data\synthetic\clean_0005_underexposure_mild.jpg,underexposure,mild
data\synthetic\clean_0005_underexposure_medium.jpg,underexposure,medium
data\synthetic\clean_0005_underexposure_severe.jpg,underexposure,severe
data\synthetic\clean_0005_overexposure_mild.jpg,overexposure,mild
data\synthetic\clean_0005_overexposure_medium.jpg,overexposure,medium
data\synthetic\clean_0005_overexposure_severe.jpg,overexposure,severe
data\synthetic\clean_0005_noise_mild.jpg,noise,mild
data\synthetic\clean_0005_noise_medium.jpg,noise,medium
data\synthetic\clean_0005_noise_severe.jpg,noise,severe
data\synthetic\clean_0005_corruption_mild.jpg,corruption,mild
data\synthetic\clean_0005_corruption_medium.jpg,corruption,medium
data\synthetic\clean_0005_corruption_severe.jpg,corruption,severe
data\synthetic\clean_0005_visual_defect_mild.jpg,visual_defect,mild
data\synthetic\clean_0005_visual_defect_medium.jpg,visual_defect,medium
data\synthetic\clean_0005_visual_defect_severe.jpg,visual_defect,severe
data\synthetic\clean_0006_blur_mild.jpg,blur,mild
data\synthetic\clean_0006_blur_medium.jpg,blur,medium
data\synthetic\clean_0006_blur_severe.jpg,blur,severe
data\synthetic\clean_0006_underexposure_mild.jpg,underexposure,mild
data\synthetic\clean_0006_underexposure_medium.jpg,underexposure,medium
data\synthetic\clean_0006_underexposure_severe.jpg,underexposure,severe
data\synthetic\clean_0006_overexposure_mild.jpg,overexposure,mild
data\synthetic\clean_0006_overexposure_medium.jpg,overexposure,medium
data\synthetic\clean_0006_overexposure_severe.jpg,overexposure,severe
data\synthetic\clean_0006_noise_mild.jpg,noise,mild
data\synthetic\clean_0006_noise_medium.jpg,noise,medium
data\synthetic\clean_0006_noise_severe.jpg,noise,severe
data\synthetic\clean_0006_corruption_mild.jpg,corruption,mild
data\synthetic\clean_0006_corruption_medium.jpg,corruption,medium
data\synthetic\clean_0006_corruption_severe.jpg,corruption,severe
data\synthetic\clean_0006_visual_defect_mild.jpg,visual_defect,mild
data\synthetic\clean_0006_visual_defect_medium.jpg,visual_defect,medium
data\synthetic\clean_0006_visual_defect_severe.jpg,visual_defect,severe
data\synthetic\clean_0007_blur_mild.jpg,blur,mild
data\synthetic\clean_0007_blur_medium.jpg,blur,medium
data\synthetic\clean_0007_blur_severe.jpg,blur,severe
data\synthetic\clean_0007_underexposure_mild.jpg,underexposure,mild
data\synthetic\clean_0007_underexposure_medium.jpg,underexposure,medium
data\synthetic\clean_0007_underexposure_severe.jpg,underexposure,severe
data\synthetic\clean_0007_overexposure_mild.jpg,overexposure,mild
data\synthetic\clean_0007_overexposure_medium.jpg,overexposure,medium
data\synthetic\clean_0007_overexposure_severe.jpg,overexposure,severe
data\synthetic\clean_0007_noise_mild.jpg,noise,mild
data\synthetic\clean_0007_noise_medium.jpg,noise,medium
data\synthetic\clean_0007_noise_severe.jpg,noise,severe
data\synthetic\clean_0007_corruption_mild.jpg,corruption,mild
data\synthetic\clean_0007_corruption_medium.jpg,corruption,medium
data\synthetic\clean_0007_corruption_severe.jpg,corruption,severe
data\synthetic\clean_0007_visual_defect_mild.jpg,visual_defect,mild
data\synthetic\clean_0007_visual_defect_medium.jpg,visual_defect,medium
data\synthetic\clean_0007_visual_defect_severe.jpg,visual_defect,severe
data\synthetic\clean_0008_blur_mild.jpg,blur,mild
data\synthetic\clean_0008_blur_medium.jpg,blur,medium
data\synthetic\clean_0008_blur_severe.jpg,blur,severe
data\synthetic\clean_0008_underexposure_mild.jpg,underexposure,mild
data\synthetic\clean_0008_underexposure_medium.jpg,underexposure,medium
data\synthetic\clean_0008_underexposure_severe.jpg,underexposure,severe
data\synthetic\clean_0008_overexposure_mild.jpg,overexposure,mild
data\synthetic\clean_0008_overexposure_medium.jpg,overexposure,medium
data\synthetic\clean_0008_overexposure_severe.jpg,overexposure,severe
data\synthetic\clean_0008_noise_mild.jpg,noise,mild
data\synthetic\clean_0008_noise_medium.jpg,noise,medium
data\synthetic\clean_0008_noise_severe.jpg,noise,severe
data\synthetic\clean_0008_corruption_mild.jpg,corruption,mild
data\synthetic\clean_0008_corruption_medium.jpg,corruption,medium
data\synthetic\clean_0008_corruption_severe.jpg,corruption,severe
data\synthetic\clean_0008_visual_defect_mild.jpg,visual_defect,mild
data\synthetic\clean_0008_visual_defect_medium.jpg,visual_defect,medium
data\synthetic\clean_0008_visual_defect_severe.jpg,visual_defect,severe
data\synthetic\clean_0009_blur_mild.jpg,blur,mild
data\synthetic\clean_0009_blur_medium.jpg,blur,medium
data\synthetic\clean_0009_blur_severe.jpg,blur,severe
data\synthetic\clean_0009_underexposure_mild.jpg,underexposure,mild
data\synthetic\clean_0009_underexposure_medium.jpg,underexposure,medium
data\synthetic\clean_0009_underexposure_severe.jpg,underexposure,severe
data\synthetic\clean_0009_overexposure_mild.jpg,overexposure,mild
data\synthetic\clean_0009_overexposure_medium.jpg,overexposure,medium
data\synthetic\clean_0009_overexposure_severe.jpg,overexposure,severe
data\synthetic\clean_0009_noise_mild.jpg,noise,mild
data\synthetic\clean_0009_noise_medium.jpg,noise,medium
data\synthetic\clean_0009_noise_severe.jpg,noise,severe
data\synthetic\clean_0009_corruption_mild.jpg,corruption,mild
data\synthetic\clean_0009_corruption_medium.jpg,corruption,medium
data\synthetic\clean_0009_corruption_severe.jpg,corruption,severe
data\synthetic\clean_0009_visual_defect_mild.jpg,visual_defect,mild
data\synthetic\clean_0009_visual_defect_medium.jpg,visual_defect,medium
data\synthetic\clean_0009_visual_defect_severe.jpg,visual_defect,severe
data\synthetic\clean_0010_blur_mild.jpg,blur,mild
data\synthetic\clean_0010_blur_medium.jpg,blur,medium
data\synthetic\clean_0010_blur_severe.jpg,blur,severe
data\synthetic\clean_0010_underexposure_mild.jpg,underexposure,mild
data\synthetic\clean_0010_underexposure_medium.jpg,underexposure,medium
data\synthetic\clean_0010_underexposure_severe.jpg,underexposure,severe
data\synthetic\clean_0010_overexposure_mild.jpg,overexposure,mild
data\synthetic\clean_0010_overexposure_medium.jpg,overexposure,medium
data\synthetic\clean_0010_overexposure_severe.jpg,overexposure,severe
data\synthetic\clean_0010_noise_mild.jpg,noise,mild
data\synthetic\clean_0010_noise_medium.jpg,noise,medium
data\synthetic\clean_0010_noise_severe.jpg,noise,severe
data\synthetic\clean_0010_corruption_mild.jpg,corruption,mild
data\synthetic\clean_0010_corruption_medium.jpg,corruption,medium
data\synthetic\clean_0010_corruption_severe.jpg,corruption,severe
data\synthetic\clean_0010_visual_defect_mild.jpg,visual_defect,mild
data\synthetic\clean_0010_visual_defect_medium.jpg,visual_defect,medium
data\synthetic\clean_0010_visual_defect_severe.jpg,visual_defect,severe
data\synthetic\clean_0011_blur_mild.jpg,blur,mild
data\synthetic\clean_0011_blur_medium.jpg,blur,medium
data\synthetic\clean_0011_blur_severe.jpg,blur,severe
data\synthetic\clean_0011_underexposure_mild.jpg,underexposure,mild
data\synthetic\clean_0011_underexposure_medium.jpg,underexposure,medium
data\synthetic\clean_0011_underexposure_severe.jpg,underexposure,severe
data\synthetic\clean_0011_overexposure_mild.jpg,overexposure,mild
data\synthetic\clean_0011_overexposure_medium.jpg,overexposure,medium
data\synthetic\clean_0011_overexposure_severe.jpg,overexposure,severe
data\synthetic\clean_0011_noise_mild.jpg,noise,mild
data\synthetic\clean_0011_noise_medium.jpg,noise,medium
data\synthetic\clean_0011_noise_severe.jpg,noise,severe
data\synthetic\clean_0011_corruption_mild.jpg,corruption,mild
data\synthetic\clean_0011_corruption_medium.jpg,corruption,medium
data\synthetic\clean_0011_corruption_severe.jpg,corruption,severe
data\synthetic\clean_0011_visual_defect_mild.jpg,visual_defect,mild
data\synthetic\clean_0011_visual_defect_medium.jpg,visual_defect,medium
data\synthetic\clean_0011_visual_defect_severe.jpg,visual_defect,severe
data\synthetic\clean_0012_blur_mild.jpg,blur,mild
data\synthetic\clean_0012_blur_medium.jpg,blur,medium
data\synthetic\clean_0012_blur_severe.jpg,blur,severe
data\synthetic\clean_0012_underexposure_mild.jpg,underexposure,mild
data\synthetic\clean_0012_underexposure_medium.jpg,underexposure,medium
data\synthetic\clean_0012_underexposure_severe.jpg,underexposure,severe
data\synthetic\clean_0012_overexposure_mild.jpg,overexposure,mild
data\synthetic\clean_0012_overexposure_medium.jpg,overexposure,medium
data\synthetic\clean_0012_overexposure_severe.jpg,overexposure,severe
data\synthetic\clean_0012_noise_mild.jpg,noise,mild
data\synthetic\clean_0012_noise_medium.jpg,noise,medium
data\synthetic\clean_0012_noise_severe.jpg,noise,severe
data\synthetic\clean_0012_corruption_mild.jpg,corruption,mild
data\synthetic\clean_0012_corruption_medium.jpg,corruption,medium
data\synthetic\clean_0012_corruption_severe.jpg,corruption,severe
data\synthetic\clean_0012_visual_defect_mild.jpg,visual_defect,mild
data\synthetic\clean_0012_visual_defect_medium.jpg,visual_defect,medium
data\synthetic\clean_0012_visual_defect_severe.jpg,visual_defect,severe
data\synthetic\clean_0013_blur_mild.jpg,blur,mild
data\synthetic\clean_0013_blur_medium.jpg,blur,medium
data\synthetic\clean_0013_blur_severe.jpg,blur,severe
data\synthetic\clean_0013_underexposure_mild.jpg,underexposure,mild
data\synthetic\clean_0013_underexposure_medium.jpg,underexposure,medium
data\synthetic\clean_0013_underexposure_severe.jpg,underexposure,severe
data\synthetic\clean_0013_overexposure_mild.jpg,overexposure,mild
data\synthetic\clean_0013_overexposure_medium.jpg,overexposure,medium
data\synthetic\clean_0013_overexposure_severe.jpg,overexposure,severe
data\synthetic\clean_0013_noise_mild.jpg,noise,mild
data\synthetic\clean_0013_noise_medium.jpg,noise,medium
data\synthetic\clean_0013_noise_severe.jpg,noise,severe
data\synthetic\clean_0013_corruption_mild.jpg,corruption,mild
data\synthetic\clean_0013_corruption_medium.jpg,corruption,medium
data\synthetic\clean_0013_corruption_severe.jpg,corruption,severe
data\synthetic\clean_0013_visual_defect_mild.jpg,visual_defect,mild
data\synthetic\clean_0013_visual_defect_medium.jpg,visual_defect,medium
data\synthetic\clean_0013_visual_defect_severe.jpg,visual_defect,severe
data\synthetic\clean_0014_blur_mild.jpg,blur,mild
data\synthetic\clean_0014_blur_medium.jpg,blur,medium
data\synthetic\clean_0014_blur_severe.jpg,blur,severe
data\synthetic\clean_0014_underexposure_mild.jpg,underexposure,mild
data\synthetic\clean_0014_underexposure_medium.jpg,underexposure,medium
data\synthetic\clean_0014_underexposure_severe.jpg,underexposure,severe
data\synthetic\clean_0014_overexposure_mild.jpg,overexposure,mild
data\synthetic\clean_0014_overexposure_medium.jpg,overexposure,medium
data\synthetic\clean_0014_overexposure_severe.jpg,overexposure,severe
data\synthetic\clean_0014_noise_mild.jpg,noise,mild
data\synthetic\clean_0014_noise_medium.jpg,noise,medium
data\synthetic\clean_0014_noise_severe.jpg,noise,severe
data\synthetic\clean_0014_corruption_mild.jpg,corruption,mild
data\synthetic\clean_0014_corruption_medium.jpg,corruption,medium
data\synthetic\clean_0014_corruption_severe.jpg,corruption,severe
data\synthetic\clean_0014_visual_defect_mild.jpg,visual_defect,mild
data\synthetic\clean_0014_visual_defect_medium.jpg,visual_defect,medium
data\synthetic\clean_0014_visual_defect_severe.jpg,visual_defect,severe
data\synthetic\clean_0015_blur_mild.jpg,blur,mild
data\synthetic\clean_0015_blur_medium.jpg,blur,medium
data\synthetic\clean_0015_blur_severe.jpg,blur,severe
data\synthetic\clean_0015_underexposure_mild.jpg,underexposure,mild
data\synthetic\clean_0015_underexposure_medium.jpg,underexposure,medium
data\synthetic\clean_0015_underexposure_severe.jpg,underexposure,severe
data\synthetic\clean_0015_overexposure_mild.jpg,overexposure,mild
data\synthetic\clean_0015_overexposure_medium.jpg,overexposure,medium
data\synthetic\clean_0015_overexposure_severe.jpg,overexposure,severe
data\synthetic\clean_0015_noise_mild.jpg,noise,mild
data\synthetic\clean_0015_noise_medium.jpg,noise,medium
data\synthetic\clean_0015_noise_severe.jpg,noise,severe
data\synthetic\clean_0015_corruption_mild.jpg,corruption,mild
data\synthetic\clean_0015_corruption_medium.jpg,corruption,medium
data\synthetic\clean_0015_corruption_severe.jpg,corruption,severe
data\synthetic\clean_0015_visual_defect_mild.jpg,visual_defect,mild
data\synthetic\clean_0015_visual_defect_medium.jpg,visual_defect,medium
data\synthetic\clean_0015_visual_defect_severe.jpg,visual_defect,severe
data\synthetic\clean_0016_blur_mild.jpg,blur,mild
data\synthetic\clean_0016_blur_medium.jpg,blur,medium
data\synthetic\clean_0016_blur_severe.jpg,blur,severe
data\synthetic\clean_0016_underexposure_mild.jpg,underexposure,mild
data\synthetic\clean_0016_underexposure_medium.jpg,underexposure,medium
data\synthetic\clean_0016_underexposure_severe.jpg,underexposure,severe
data\synthetic\clean_0016_overexposure_mild.jpg,overexposure,mild
data\synthetic\clean_0016_overexposure_medium.jpg,overexposure,medium
data\synthetic\clean_0016_overexposure_severe.jpg,overexposure,severe
data\synthetic\clean_0016_noise_mild.jpg,noise,mild
data\synthetic\clean_0016_noise_medium.jpg,noise,medium
data\synthetic\clean_0016_noise_severe.jpg,noise,severe
data\synthetic\clean_0016_corruption_mild.jpg,corruption,mild
data\synthetic\clean_0016_corruption_medium.jpg,corruption,medium
data\synthetic\clean_0016_corruption_severe.jpg,corruption,severe
data\synthetic\clean_0016_visual_defect_mild.jpg,visual_defect,mild
data\synthetic\clean_0016_visual_defect_medium.jpg,visual_defect,medium
data\synthetic\clean_0016_visual_defect_severe.jpg,visual_defect,severe
data\synthetic\clean_0017_blur_mild.jpg,blur,mild
data\synthetic\clean_0017_blur_medium.jpg,blur,medium
data\synthetic\clean_0017_blur_severe.jpg,blur,severe
data\synthetic\clean_0017_underexposure_mild.jpg,underexposure,mild
data\synthetic\clean_0017_underexposure_medium.jpg,underexposure,medium
data\synthetic\clean_0017_underexposure_severe.jpg,underexposure,severe
data\synthetic\clean_0017_overexposure_mild.jpg,overexposure,mild
data\synthetic\clean_0017_overexposure_medium.jpg,overexposure,medium
data\synthetic\clean_0017_overexposure_severe.jpg,overexposure,severe
data\synthetic\clean_0017_noise_mild.jpg,noise,mild
data\synthetic\clean_0017_noise_medium.jpg,noise,medium
data\synthetic\clean_0017_noise_severe.jpg,noise,severe
data\synthetic\clean_0017_corruption_mild.jpg,corruption,mild
data\synthetic\clean_0017_corruption_medium.jpg,corruption,medium
data\synthetic\clean_0017_corruption_severe.jpg,corruption,severe
data\synthetic\clean_0017_visual_defect_mild.jpg,visual_defect,mild
data\synthetic\clean_0017_visual_defect_medium.jpg,visual_defect,medium
data\synthetic\clean_0017_visual_defect_severe.jpg,visual_defect,severe
data\synthetic\clean_0018_blur_mild.jpg,blur,mild
data\synthetic\clean_0018_blur_medium.jpg,blur,medium
data\synthetic\clean_0018_blur_severe.jpg,blur,severe
data\synthetic\clean_0018_underexposure_mild.jpg,underexposure,mild
data\synthetic\clean_0018_underexposure_medium.jpg,underexposure,medium
data\synthetic\clean_0018_underexposure_severe.jpg,underexposure,severe
data\synthetic\clean_0018_overexposure_mild.jpg,overexposure,mild
data\synthetic\clean_0018_overexposure_medium.jpg,overexposure,medium
data\synthetic\clean_0018_overexposure_severe.jpg,overexposure,severe
data\synthetic\clean_0018_noise_mild.jpg,noise,mild
data\synthetic\clean_0018_noise_medium.jpg,noise,medium
data\synthetic\clean_0018_noise_severe.jpg,noise,severe
data\synthetic\clean_0018_corruption_mild.jpg,corruption,mild
data\synthetic\clean_0018_corruption_medium.jpg,corruption,medium
data\synthetic\clean_0018_corruption_severe.jpg,corruption,severe
data\synthetic\clean_0018_visual_defect_mild.jpg,visual_defect,mild
data\synthetic\clean_0018_visual_defect_medium.jpg,visual_defect,medium
data\synthetic\clean_0018_visual_defect_severe.jpg,visual_defect,severe
data\synthetic\clean_0019_blur_mild.jpg,blur,mild
data\synthetic\clean_0019_blur_medium.jpg,blur,medium
data\synthetic\clean_0019_blur_severe.jpg,blur,severe
data\synthetic\clean_0019_underexposure_mild.jpg,underexposure,mild
data\synthetic\clean_0019_underexposure_medium.jpg,underexposure,medium
data\synthetic\clean_0019_underexposure_severe.jpg,underexposure,severe
data\synthetic\clean_0019_overexposure_mild.jpg,overexposure,mild
data\synthetic\clean_0019_overexposure_medium.jpg,overexposure,medium
data\synthetic\clean_0019_overexposure_severe.jpg,overexposure,severe
data\synthetic\clean_0019_noise_mild.jpg,noise,mild
data\synthetic\clean_0019_noise_medium.jpg,noise,medium
data\synthetic\clean_0019_noise_severe.jpg,noise,severe
data\synthetic\clean_0019_corruption_mild.jpg,corruption,mild
data\synthetic\clean_0019_corruption_medium.jpg,corruption,medium
data\synthetic\clean_0019_corruption_severe.jpg,corruption,severe
data\synthetic\clean_0019_visual_defect_mild.jpg,visual_defect,mild
data\synthetic\clean_0019_visual_defect_medium.jpg,visual_defect,medium
data\synthetic\clean_0019_visual_defect_severe.jpg,visual_defect,severe
data\synthetic\clean_0020_blur_mild.jpg,blur,mild
data\synthetic\clean_0020_blur_medium.jpg,blur,medium
data\synthetic\clean_0020_blur_severe.jpg,blur,severe
data\synthetic\clean_0020_underexposure_mild.jpg,underexposure,mild
data\synthetic\clean_0020_underexposure_medium.jpg,underexposure,medium
data\synthetic\clean_0020_underexposure_severe.jpg,underexposure,severe
data\synthetic\clean_0020_overexposure_mild.jpg,overexposure,mild
data\synthetic\clean_0020_overexposure_medium.jpg,overexposure,medium
data\synthetic\clean_0020_overexposure_severe.jpg,overexposure,severe
data\synthetic\clean_0020_noise_mild.jpg,noise,mild
data\synthetic\clean_0020_noise_medium.jpg,noise,medium
data\synthetic\clean_0020_noise_severe.jpg,noise,severe
data\synthetic\clean_0020_corruption_mild.jpg,corruption,mild
data\synthetic\clean_0020_corruption_medium.jpg,corruption,medium
data\synthetic\clean_0020_corruption_severe.jpg,corruption,severe
data\synthetic\clean_0020_visual_defect_mild.jpg,visual_defect,mild
data\synthetic\clean_0020_visual_defect_medium.jpg,visual_defect,medium
data\synthetic\clean_0020_visual_defect_severe.jpg,visual_defect,severe
data\synthetic\clean_0021_blur_mild.jpg,blur,mild
data\synthetic\clean_0021_blur_medium.jpg,blur,medium
data\synthetic\clean_0021_blur_severe.jpg,blur,severe
data\synthetic\clean_0021_underexposure_mild.jpg,underexposure,mild
data\synthetic\clean_0021_underexposure_medium.jpg,underexposure,medium
data\synthetic\clean_0021_underexposure_severe.jpg,underexposure,severe
data\synthetic\clean_0021_overexposure_mild.jpg,overexposure,mild
data\synthetic\clean_0021_overexposure_medium.jpg,overexposure,medium
data\synthetic\clean_0021_overexposure_severe.jpg,overexposure,severe
data\synthetic\clean_0021_noise_mild.jpg,noise,mild
data\synthetic\clean_0021_noise_medium.jpg,noise,medium
data\synthetic\clean_0021_noise_severe.jpg,noise,severe
data\synthetic\clean_0021_corruption_mild.jpg,corruption,mild
data\synthetic\clean_0021_corruption_medium.jpg,corruption,medium
data\synthetic\clean_0021_corruption_severe.jpg,corruption,severe
data\synthetic\clean_0021_visual_defect_mild.jpg,visual_defect,mild
data\synthetic\clean_0021_visual_defect_medium.jpg,visual_defect,medium
data\synthetic\clean_0021_visual_defect_severe.jpg,visual_defect,severe
data\synthetic\clean_0022_blur_mild.jpg,blur,mild
data\synthetic\clean_0022_blur_medium.jpg,blur,medium
data\synthetic\clean_0022_blur_severe.jpg,blur,severe
data\synthetic\clean_0022_underexposure_mild.jpg,underexposure,mild
data\synthetic\clean_0022_underexposure_medium.jpg,underexposure,medium
data\synthetic\clean_0022_underexposure_severe.jpg,underexposure,severe
data\synthetic\clean_0022_overexposure_mild.jpg,overexposure,mild
data\synthetic\clean_0022_overexposure_medium.jpg,overexposure,medium
data\synthetic\clean_0022_overexposure_severe.jpg,overexposure,severe
data\synthetic\clean_0022_noise_mild.jpg,noise,mild
data\synthetic\clean_0022_noise_medium.jpg,noise,medium
data\synthetic\clean_0022_noise_severe.jpg,noise,severe
data\synthetic\clean_0022_corruption_mild.jpg,corruption,mild
data\synthetic\clean_0022_corruption_medium.jpg,corruption,medium
data\synthetic\clean_0022_corruption_severe.jpg,corruption,severe
data\synthetic\clean_0022_visual_defect_mild.jpg,visual_defect,mild
data\synthetic\clean_0022_visual_defect_medium.jpg,visual_defect,medium
data\synthetic\clean_0022_visual_defect_severe.jpg,visual_defect,severe
data\synthetic\clean_0023_blur_mild.jpg,blur,mild
data\synthetic\clean_0023_blur_medium.jpg,blur,medium
data\synthetic\clean_0023_blur_severe.jpg,blur,severe
data\synthetic\clean_0023_underexposure_mild.jpg,underexposure,mild
data\synthetic\clean_0023_underexposure_medium.jpg,underexposure,medium
data\synthetic\clean_0023_underexposure_severe.jpg,underexposure,severe
data\synthetic\clean_0023_overexposure_mild.jpg,overexposure,mild
data\synthetic\clean_0023_overexposure_medium.jpg,overexposure,medium
data\synthetic\clean_0023_overexposure_severe.jpg,overexposure,severe
data\synthetic\clean_0023_noise_mild.jpg,noise,mild
data\synthetic\clean_0023_noise_medium.jpg,noise,medium
data\synthetic\clean_0023_noise_severe.jpg,noise,severe
data\synthetic\clean_0023_corruption_mild.jpg,corruption,mild
data\synthetic\clean_0023_corruption_medium.jpg,corruption,medium
data\synthetic\clean_0023_corruption_severe.jpg,corruption,severe
data\synthetic\clean_0023_visual_defect_mild.jpg,visual_defect,mild
data\synthetic\clean_0023_visual_defect_medium.jpg,visual_defect,medium
data\synthetic\clean_0023_visual_defect_severe.jpg,visual_defect,severe
data\synthetic\clean_0024_blur_mild.jpg,blur,mild
data\synthetic\clean_0024_blur_medium.jpg,blur,medium
data\synthetic\clean_0024_blur_severe.jpg,blur,severe
data\synthetic\clean_0024_underexposure_mild.jpg,underexposure,mild
data\synthetic\clean_0024_underexposure_medium.jpg,underexposure,medium
data\synthetic\clean_0024_underexposure_severe.jpg,underexposure,severe
data\synthetic\clean_0024_overexposure_mild.jpg,overexposure,mild
data\synthetic\clean_0024_overexposure_medium.jpg,overexposure,medium
data\synthetic\clean_0024_overexposure_severe.jpg,overexposure,severe
data\synthetic\clean_0024_noise_mild.jpg,noise,mild
data\synthetic\clean_0024_noise_medium.jpg,noise,medium
data\synthetic\clean_0024_noise_severe.jpg,noise,severe
data\synthetic\clean_0024_corruption_mild.jpg,corruption,mild
data\synthetic\clean_0024_corruption_medium.jpg,corruption,medium
data\synthetic\clean_0024_corruption_severe.jpg,corruption,severe
data\synthetic\clean_0024_visual_defect_mild.jpg,visual_defect,mild
data\synthetic\clean_0024_visual_defect_medium.jpg,visual_defect,medium
data\synthetic\clean_0024_visual_defect_severe.jpg,visual_defect,severe
data\synthetic\clean_0025_blur_mild.jpg,blur,mild
data\synthetic\clean_0025_blur_medium.jpg,blur,medium
data\synthetic\clean_0025_blur_severe.jpg,blur,severe
data\synthetic\clean_0025_underexposure_mild.jpg,underexposure,mild
data\synthetic\clean_0025_underexposure_medium.jpg,underexposure,medium
data\synthetic\clean_0025_underexposure_severe.jpg,underexposure,severe
data\synthetic\clean_0025_overexposure_mild.jpg,overexposure,mild
data\synthetic\clean_0025_overexposure_medium.jpg,overexposure,medium
data\synthetic\clean_0025_overexposure_severe.jpg,overexposure,severe
data\synthetic\clean_0025_noise_mild.jpg,noise,mild
data\synthetic\clean_0025_noise_medium.jpg,noise,medium
data\synthetic\clean_0025_noise_severe.jpg,noise,severe
data\synthetic\clean_0025_corruption_mild.jpg,corruption,mild
data\synthetic\clean_0025_corruption_medium.jpg,corruption,medium
data\synthetic\clean_0025_corruption_severe.jpg,corruption,severe
data\synthetic\clean_0025_visual_defect_mild.jpg,visual_defect,mild
data\synthetic\clean_0025_visual_defect_medium.jpg,visual_defect,medium
data\synthetic\clean_0025_visual_defect_severe.jpg,visual_defect,severe
data\synthetic\clean_0026_blur_mild.jpg,blur,mild
data\synthetic\clean_0026_blur_medium.jpg,blur,medium
data\synthetic\clean_0026_blur_severe.jpg,blur,severe
data\synthetic\clean_0026_underexposure_mild.jpg,underexposure,mild
data\synthetic\clean_0026_underexposure_medium.jpg,underexposure,medium
data\synthetic\clean_0026_underexposure_severe.jpg,underexposure,severe
data\synthetic\clean_0026_overexposure_mild.jpg,overexposure,mild
data\synthetic\clean_0026_overexposure_medium.jpg,overexposure,medium
data\synthetic\clean_0026_overexposure_severe.jpg,overexposure,severe
data\synthetic\clean_0026_noise_mild.jpg,noise,mild
data\synthetic\clean_0026_noise_medium.jpg,noise,medium
data\synthetic\clean_0026_noise_severe.jpg,noise,severe
data\synthetic\clean_0026_corruption_mild.jpg,corruption,mild
data\synthetic\clean_0026_corruption_medium.jpg,corruption,medium
data\synthetic\clean_0026_corruption_severe.jpg,corruption,severe
data\synthetic\clean_0026_visual_defect_mild.jpg,visual_defect,mild
data\synthetic\clean_0026_visual_defect_medium.jpg,visual_defect,medium
data\synthetic\clean_0026_visual_defect_severe.jpg,visual_defect,severe
data\synthetic\clean_0027_blur_mild.jpg,blur,mild
data\synthetic\clean_0027_blur_medium.jpg,blur,medium
data\synthetic\clean_0027_blur_severe.jpg,blur,severe
data\synthetic\clean_0027_underexposure_mild.jpg,underexposure,mild
data\synthetic\clean_0027_underexposure_medium.jpg,underexposure,medium
data\synthetic\clean_0027_underexposure_severe.jpg,underexposure,severe
data\synthetic\clean_0027_overexposure_mild.jpg,overexposure,mild
data\synthetic\clean_0027_overexposure_medium.jpg,overexposure,medium
data\synthetic\clean_0027_overexposure_severe.jpg,overexposure,severe
data\synthetic\clean_0027_noise_mild.jpg,noise,mild
data\synthetic\clean_0027_noise_medium.jpg,noise,medium
data\synthetic\clean_0027_noise_severe.jpg,noise,severe
data\synthetic\clean_0027_corruption_mild.jpg,corruption,mild
data\synthetic\clean_0027_corruption_medium.jpg,corruption,medium
data\synthetic\clean_0027_corruption_severe.jpg,corruption,severe
data\synthetic\clean_0027_visual_defect_mild.jpg,visual_defect,mild
data\synthetic\clean_0027_visual_defect_medium.jpg,visual_defect,medium
data\synthetic\clean_0027_visual_defect_severe.jpg,visual_defect,severe
data\synthetic\clean_0028_blur_mild.jpg,blur,mild
data\synthetic\clean_0028_blur_medium.jpg,blur,medium
data\synthetic\clean_0028_blur_severe.jpg,blur,severe
data\synthetic\clean_0028_underexposure_mild.jpg,underexposure,mild
data\synthetic\clean_0028_underexposure_medium.jpg,underexposure,medium
data\synthetic\clean_0028_underexposure_severe.jpg,underexposure,severe
data\synthetic\clean_0028_overexposure_mild.jpg,overexposure,mild
data\synthetic\clean_0028_overexposure_medium.jpg,overexposure,medium
data\synthetic\clean_0028_overexposure_severe.jpg,overexposure,severe
data\synthetic\clean_0028_noise_mild.jpg,noise,mild
data\synthetic\clean_0028_noise_medium.jpg,noise,medium
data\synthetic\clean_0028_noise_severe.jpg,noise,severe
data\synthetic\clean_0028_corruption_mild.jpg,corruption,mild
data\synthetic\clean_0028_corruption_medium.jpg,corruption,medium
data\synthetic\clean_0028_corruption_severe.jpg,corruption,severe
data\synthetic\clean_0028_visual_defect_mild.jpg,visual_defect,mild
data\synthetic\clean_0028_visual_defect_medium.jpg,visual_defect,medium
data\synthetic\clean_0028_visual_defect_severe.jpg,visual_defect,severe
data\synthetic\clean_0029_blur_mild.jpg,blur,mild
data\synthetic\clean_0029_blur_medium.jpg,blur,medium
data\synthetic\clean_0029_blur_severe.jpg,blur,severe
data\synthetic\clean_0029_underexposure_mild.jpg,underexposure,mild
data\synthetic\clean_0029_underexposure_medium.jpg,underexposure,medium
data\synthetic\clean_0029_underexposure_severe.jpg,underexposure,severe
data\synthetic\clean_0029_overexposure_mild.jpg,overexposure,mild
data\synthetic\clean_0029_overexposure_medium.jpg,overexposure,medium
data\synthetic\clean_0029_overexposure_severe.jpg,overexposure,severe
data\synthetic\clean_0029_noise_mild.jpg,noise,mild
data\synthetic\clean_0029_noise_medium.jpg,noise,medium
data\synthetic\clean_0029_noise_severe.jpg,noise,severe
data\synthetic\clean_0029_corruption_mild.jpg,corruption,mild
data\synthetic\clean_0029_corruption_medium.jpg,corruption,medium
data\synthetic\clean_0029_corruption_severe.jpg,corruption,severe
data\synthetic\clean_0029_visual_defect_mild.jpg,visual_defect,mild
data\synthetic\clean_0029_visual_defect_medium.jpg,visual_defect,medium
data\synthetic\clean_0029_visual_defect_severe.jpg,visual_defect,severe
data\synthetic\clean_0030_blur_mild.jpg,blur,mild
data\synthetic\clean_0030_blur_medium.jpg,blur,medium
data\synthetic\clean_0030_blur_severe.jpg,blur,severe
data\synthetic\clean_0030_underexposure_mild.jpg,underexposure,mild
data\synthetic\clean_0030_underexposure_medium.jpg,underexposure,medium
data\synthetic\clean_0030_underexposure_severe.jpg,underexposure,severe
data\synthetic\clean_0030_overexposure_mild.jpg,overexposure,mild
data\synthetic\clean_0030_overexposure_medium.jpg,overexposure,medium
data\synthetic\clean_0030_overexposure_severe.jpg,overexposure,severe
data\synthetic\clean_0030_noise_mild.jpg,noise,mild
data\synthetic\clean_0030_noise_medium.jpg,noise,medium
data\synthetic\clean_0030_noise_severe.jpg,noise,severe
data\synthetic\clean_0030_corruption_mild.jpg,corruption,mild
data\synthetic\clean_0030_corruption_medium.jpg,corruption,medium
data\synthetic\clean_0030_corruption_severe.jpg,corruption,severe
data\synthetic\clean_0030_visual_defect_mild.jpg,visual_defect,mild
data\synthetic\clean_0030_visual_defect_medium.jpg,visual_defect,medium
data\synthetic\clean_0030_visual_defect_severe.jpg,visual_defect,severe
data\synthetic\clean_0031_blur_mild.jpg,blur,mild
data\synthetic\clean_0031_blur_medium.jpg,blur,medium
data\synthetic\clean_0031_blur_severe.jpg,blur,severe
data\synthetic\clean_0031_underexposure_mild.jpg,underexposure,mild
data\synthetic\clean_0031_underexposure_medium.jpg,underexposure,medium
data\synthetic\clean_0031_underexposure_severe.jpg,underexposure,severe
data\synthetic\clean_0031_overexposure_mild.jpg,overexposure,mild
data\synthetic\clean_0031_overexposure_medium.jpg,overexposure,medium
data\synthetic\clean_0031_overexposure_severe.jpg,overexposure,severe
data\synthetic\clean_0031_noise_mild.jpg,noise,mild
data\synthetic\clean_0031_noise_medium.jpg,noise,medium
data\synthetic\clean_0031_noise_severe.jpg,noise,severe
data\synthetic\clean_0031_corruption_mild.jpg,corruption,mild
data\synthetic\clean_0031_corruption_medium.jpg,corruption,medium
data\synthetic\clean_0031_corruption_severe.jpg,corruption,severe
data\synthetic\clean_0031_visual_defect_mild.jpg,visual_defect,mild
data\synthetic\clean_0031_visual_defect_medium.jpg,visual_defect,medium
data\synthetic\clean_0031_visual_defect_severe.jpg,visual_defect,severe
data\synthetic\clean_0032_blur_mild.jpg,blur,mild
data\synthetic\clean_0032_blur_medium.jpg,blur,medium
data\synthetic\clean_0032_blur_severe.jpg,blur,severe
data\synthetic\clean_0032_underexposure_mild.jpg,underexposure,mild
data\synthetic\clean_0032_underexposure_medium.jpg,underexposure,medium
data\synthetic\clean_0032_underexposure_severe.jpg,underexposure,severe
data\synthetic\clean_0032_overexposure_mild.jpg,overexposure,mild
data\synthetic\clean_0032_overexposure_medium.jpg,overexposure,medium
data\synthetic\clean_0032_overexposure_severe.jpg,overexposure,severe
data\synthetic\clean_0032_noise_mild.jpg,noise,mild
data\synthetic\clean_0032_noise_medium.jpg,noise,medium
data\synthetic\clean_0032_noise_severe.jpg,noise,severe
data\synthetic\clean_0032_corruption_mild.jpg,corruption,mild
data\synthetic\clean_0032_corruption_medium.jpg,corruption,medium
data\synthetic\clean_0032_corruption_severe.jpg,corruption,severe
data\synthetic\clean_0032_visual_defect_mild.jpg,visual_defect,mild
data\synthetic\clean_0032_visual_defect_medium.jpg,visual_defect,medium
data\synthetic\clean_0032_visual_defect_severe.jpg,visual_defect,severe
data\synthetic\clean_0033_blur_mild.jpg,blur,mild
data\synthetic\clean_0033_blur_medium.jpg,blur,medium
data\synthetic\clean_0033_blur_severe.jpg,blur,severe
data\synthetic\clean_0033_underexposure_mild.jpg,underexposure,mild
data\synthetic\clean_0033_underexposure_medium.jpg,underexposure,medium
data\synthetic\clean_0033_underexposure_severe.jpg,underexposure,severe
data\synthetic\clean_0033_overexposure_mild.jpg,overexposure,mild
data\synthetic\clean_0033_overexposure_medium.jpg,overexposure,medium
data\synthetic\clean_0033_overexposure_severe.jpg,overexposure,severe
data\synthetic\clean_0033_noise_mild.jpg,noise,mild
data\synthetic\clean_0033_noise_medium.jpg,noise,medium
data\synthetic\clean_0033_noise_severe.jpg,noise,severe
data\synthetic\clean_0033_corruption_mild.jpg,corruption,mild
data\synthetic\clean_0033_corruption_medium.jpg,corruption,medium
data\synthetic\clean_0033_corruption_severe.jpg,corruption,severe
data\synthetic\clean_0033_visual_defect_mild.jpg,visual_defect,mild
data\synthetic\clean_0033_visual_defect_medium.jpg,visual_defect,medium
data\synthetic\clean_0033_visual_defect_severe.jpg,visual_defect,severe
data\synthetic\clean_0034_blur_mild.jpg,blur,mild
data\synthetic\clean_0034_blur_medium.jpg,blur,medium
data\synthetic\clean_0034_blur_severe.jpg,blur,severe
data\synthetic\clean_0034_underexposure_mild.jpg,underexposure,mild
data\synthetic\clean_0034_underexposure_medium.jpg,underexposure,medium
data\synthetic\clean_0034_underexposure_severe.jpg,underexposure,severe
data\synthetic\clean_0034_overexposure_mild.jpg,overexposure,mild
data\synthetic\clean_0034_overexposure_medium.jpg,overexposure,medium
data\synthetic\clean_0034_overexposure_severe.jpg,overexposure,severe
data\synthetic\clean_0034_noise_mild.jpg,noise,mild
data\synthetic\clean_0034_noise_medium.jpg,noise,medium
data\synthetic\clean_0034_noise_severe.jpg,noise,severe
data\synthetic\clean_0034_corruption_mild.jpg,corruption,mild
data\synthetic\clean_0034_corruption_medium.jpg,corruption,medium
data\synthetic\clean_0034_corruption_severe.jpg,corruption,severe
data\synthetic\clean_0034_visual_defect_mild.jpg,visual_defect,mild
data\synthetic\clean_0034_visual_defect_medium.jpg,visual_defect,medium
data\synthetic\clean_0034_visual_defect_severe.jpg,visual_defect,severe
data\synthetic\clean_0035_blur_mild.jpg,blur,mild
data\synthetic\clean_0035_blur_medium.jpg,blur,medium
data\synthetic\clean_0035_blur_severe.jpg,blur,severe
data\synthetic\clean_0035_underexposure_mild.jpg,underexposure,mild
data\synthetic\clean_0035_underexposure_medium.jpg,underexposure,medium
data\synthetic\clean_0035_underexposure_severe.jpg,underexposure,severe
data\synthetic\clean_0035_overexposure_mild.jpg,overexposure,mild
data\synthetic\clean_0035_overexposure_medium.jpg,overexposure,medium
data\synthetic\clean_0035_overexposure_severe.jpg,overexposure,severe
data\synthetic\clean_0035_noise_mild.jpg,noise,mild
data\synthetic\clean_0035_noise_medium.jpg,noise,medium
data\synthetic\clean_0035_noise_severe.jpg,noise,severe
data\synthetic\clean_0035_corruption_mild.jpg,corruption,mild
data\synthetic\clean_0035_corruption_medium.jpg,corruption,medium
data\synthetic\clean_0035_corruption_severe.jpg,corruption,severe
data\synthetic\clean_0035_visual_defect_mild.jpg,visual_defect,mild
data\synthetic\clean_0035_visual_defect_medium.jpg,visual_defect,medium
data\synthetic\clean_0035_visual_defect_severe.jpg,visual_defect,severe
data\synthetic\clean_0036_blur_mild.jpg,blur,mild
data\synthetic\clean_0036_blur_medium.jpg,blur,medium
data\synthetic\clean_0036_blur_severe.jpg,blur,severe
data\synthetic\clean_0036_underexposure_mild.jpg,underexposure,mild
data\synthetic\clean_0036_underexposure_medium.jpg,underexposure,medium
data\synthetic\clean_0036_underexposure_severe.jpg,underexposure,severe
data\synthetic\clean_0036_overexposure_mild.jpg,overexposure,mild
data\synthetic\clean_0036_overexposure_medium.jpg,overexposure,medium
data\synthetic\clean_0036_overexposure_severe.jpg,overexposure,severe
data\synthetic\clean_0036_noise_mild.jpg,noise,mild
data\synthetic\clean_0036_noise_medium.jpg,noise,medium
data\synthetic\clean_0036_noise_severe.jpg,noise,severe
data\synthetic\clean_0036_corruption_mild.jpg,corruption,mild
data\synthetic\clean_0036_corruption_medium.jpg,corruption,medium
data\synthetic\clean_0036_corruption_severe.jpg,corruption,severe
data\synthetic\clean_0036_visual_defect_mild.jpg,visual_defect,mild
data\synthetic\clean_0036_visual_defect_medium.jpg,visual_defect,medium
data\synthetic\clean_0036_visual_defect_severe.jpg,visual_defect,severe
data\synthetic\clean_0037_blur_mild.jpg,blur,mild
data\synthetic\clean_0037_blur_medium.jpg,blur,medium
data\synthetic\clean_0037_blur_severe.jpg,blur,severe
data\synthetic\clean_0037_underexposure_mild.jpg,underexposure,mild
data\synthetic\clean_0037_underexposure_medium.jpg,underexposure,medium
data\synthetic\clean_0037_underexposure_severe.jpg,underexposure,severe
data\synthetic\clean_0037_overexposure_mild.jpg,overexposure,mild
data\synthetic\clean_0037_overexposure_medium.jpg,overexposure,medium
data\synthetic\clean_0037_overexposure_severe.jpg,overexposure,severe
data\synthetic\clean_0037_noise_mild.jpg,noise,mild
data\synthetic\clean_0037_noise_medium.jpg,noise,medium
data\synthetic\clean_0037_noise_severe.jpg,noise,severe
data\synthetic\clean_0037_corruption_mild.jpg,corruption,mild
data\synthetic\clean_0037_corruption_medium.jpg,corruption,medium
data\synthetic\clean_0037_corruption_severe.jpg,corruption,severe
data\synthetic\clean_0037_visual_defect_mild.jpg,visual_defect,mild
data\synthetic\clean_0037_visual_defect_medium.jpg,visual_defect,medium
data\synthetic\clean_0037_visual_defect_severe.jpg,visual_defect,severe
data\synthetic\clean_0038_blur_mild.jpg,blur,mild
data\synthetic\clean_0038_blur_medium.jpg,blur,medium
data\synthetic\clean_0038_blur_severe.jpg,blur,severe
data\synthetic\clean_0038_underexposure_mild.jpg,underexposure,mild
data\synthetic\clean_0038_underexposure_medium.jpg,underexposure,medium
data\synthetic\clean_0038_underexposure_severe.jpg,underexposure,severe
data\synthetic\clean_0038_overexposure_mild.jpg,overexposure,mild
data\synthetic\clean_0038_overexposure_medium.jpg,overexposure,medium
data\synthetic\clean_0038_overexposure_severe.jpg,overexposure,severe
data\synthetic\clean_0038_noise_mild.jpg,noise,mild
data\synthetic\clean_0038_noise_medium.jpg,noise,medium
data\synthetic\clean_0038_noise_severe.jpg,noise,severe
data\synthetic\clean_0038_corruption_mild.jpg,corruption,mild
data\synthetic\clean_0038_corruption_medium.jpg,corruption,medium
data\synthetic\clean_0038_corruption_severe.jpg,corruption,severe
data\synthetic\clean_0038_visual_defect_mild.jpg,visual_defect,mild
data\synthetic\clean_0038_visual_defect_medium.jpg,visual_defect,medium
data\synthetic\clean_0038_visual_defect_severe.jpg,visual_defect,severe
data\synthetic\clean_0039_blur_mild.jpg,blur,mild
data\synthetic\clean_0039_blur_medium.jpg,blur,medium
data\synthetic\clean_0039_blur_severe.jpg,blur,severe
data\synthetic\clean_0039_underexposure_mild.jpg,underexposure,mild
data\synthetic\clean_0039_underexposure_medium.jpg,underexposure,medium
data\synthetic\clean_0039_underexposure_severe.jpg,underexposure,severe
data\synthetic\clean_0039_overexposure_mild.jpg,overexposure,mild
data\synthetic\clean_0039_overexposure_medium.jpg,overexposure,medium
data\synthetic\clean_0039_overexposure_severe.jpg,overexposure,severe
data\synthetic\clean_0039_noise_mild.jpg,noise,mild
data\synthetic\clean_0039_noise_medium.jpg,noise,medium
data\synthetic\clean_0039_noise_severe.jpg,noise,severe
data\synthetic\clean_0039_corruption_mild.jpg,corruption,mild
data\synthetic\clean_0039_corruption_medium.jpg,corruption,medium
data\synthetic\clean_0039_corruption_severe.jpg,corruption,severe
data\synthetic\clean_0039_visual_defect_mild.jpg,visual_defect,mild
data\synthetic\clean_0039_visual_defect_medium.jpg,visual_defect,medium
data\synthetic\clean_0039_visual_defect_severe.jpg,visual_defect,severe
data\synthetic\clean_0040_blur_mild.jpg,blur,mild
data\synthetic\clean_0040_blur_medium.jpg,blur,medium
data\synthetic\clean_0040_blur_severe.jpg,blur,severe
data\synthetic\clean_0040_underexposure_mild.jpg,underexposure,mild
data\synthetic\clean_0040_underexposure_medium.jpg,underexposure,medium
data\synthetic\clean_0040_underexposure_severe.jpg,underexposure,severe
data\synthetic\clean_0040_overexposure_mild.jpg,overexposure,mild
data\synthetic\clean_0040_overexposure_medium.jpg,overexposure,medium
data\synthetic\clean_0040_overexposure_severe.jpg,overexposure,severe
data\synthetic\clean_0040_noise_mild.jpg,noise,mild
data\synthetic\clean_0040_noise_medium.jpg,noise,medium
data\synthetic\clean_0040_noise_severe.jpg,noise,severe
data\synthetic\clean_0040_corruption_mild.jpg,corruption,mild
data\synthetic\clean_0040_corruption_medium.jpg,corruption,medium
data\synthetic\clean_0040_corruption_severe.jpg,corruption,severe
data\synthetic\clean_0040_visual_defect_mild.jpg,visual_defect,mild
data\synthetic\clean_0040_visual_defect_medium.jpg,visual_defect,medium
data\synthetic\clean_0040_visual_defect_severe.jpg,visual_defect,severe
data\synthetic\clean_0041_blur_mild.jpg,blur,mild
data\synthetic\clean_0041_blur_medium.jpg,blur,medium
data\synthetic\clean_0041_blur_severe.jpg,blur,severe
data\synthetic\clean_0041_underexposure_mild.jpg,underexposure,mild
data\synthetic\clean_0041_underexposure_medium.jpg,underexposure,medium
data\synthetic\clean_0041_underexposure_severe.jpg,underexposure,severe
data\synthetic\clean_0041_overexposure_mild.jpg,overexposure,mild
data\synthetic\clean_0041_overexposure_medium.jpg,overexposure,medium
data\synthetic\clean_0041_overexposure_severe.jpg,overexposure,severe
data\synthetic\clean_0041_noise_mild.jpg,noise,mild
data\synthetic\clean_0041_noise_medium.jpg,noise,medium
data\synthetic\clean_0041_noise_severe.jpg,noise,severe
data\synthetic\clean_0041_corruption_mild.jpg,corruption,mild
data\synthetic\clean_0041_corruption_medium.jpg,corruption,medium
data\synthetic\clean_0041_corruption_severe.jpg,corruption,severe
data\synthetic\clean_0041_visual_defect_mild.jpg,visual_defect,mild
data\synthetic\clean_0041_visual_defect_medium.jpg,visual_defect,medium
data\synthetic\clean_0041_visual_defect_severe.jpg,visual_defect,severe
data\synthetic\clean_0042_blur_mild.jpg,blur,mild
data\synthetic\clean_0042_blur_medium.jpg,blur,medium
data\synthetic\clean_0042_blur_severe.jpg,blur,severe
data\synthetic\clean_0042_underexposure_mild.jpg,underexposure,mild
data\synthetic\clean_0042_underexposure_medium.jpg,underexposure,medium
data\synthetic\clean_0042_underexposure_severe.jpg,underexposure,severe
data\synthetic\clean_0042_overexposure_mild.jpg,overexposure,mild
data\synthetic\clean_0042_overexposure_medium.jpg,overexposure,medium
data\synthetic\clean_0042_overexposure_severe.jpg,overexposure,severe
data\synthetic\clean_0042_noise_mild.jpg,noise,mild
data\synthetic\clean_0042_noise_medium.jpg,noise,medium
data\synthetic\clean_0042_noise_severe.jpg,noise,severe
data\synthetic\clean_0042_corruption_mild.jpg,corruption,mild
data\synthetic\clean_0042_corruption_medium.jpg,corruption,medium
data\synthetic\clean_0042_corruption_severe.jpg,corruption,severe
data\synthetic\clean_0042_visual_defect_mild.jpg,visual_defect,mild
data\synthetic\clean_0042_visual_defect_medium.jpg,visual_defect,medium
data\synthetic\clean_0042_visual_defect_severe.jpg,visual_defect,severe
data\synthetic\clean_0043_blur_mild.jpg,blur,mild
data\synthetic\clean_0043_blur_medium.jpg,blur,medium
data\synthetic\clean_0043_blur_severe.jpg,blur,severe
data\synthetic\clean_0043_underexposure_mild.jpg,underexposure,mild
data\synthetic\clean_0043_underexposure_medium.jpg,underexposure,medium
data\synthetic\clean_0043_underexposure_severe.jpg,underexposure,severe
data\synthetic\clean_0043_overexposure_mild.jpg,overexposure,mild
data\synthetic\clean_0043_overexposure_medium.jpg,overexposure,medium
data\synthetic\clean_0043_overexposure_severe.jpg,overexposure,severe
data\synthetic\clean_0043_noise_mild.jpg,noise,mild
data\synthetic\clean_0043_noise_medium.jpg,noise,medium
data\synthetic\clean_0043_noise_severe.jpg,noise,severe
data\synthetic\clean_0043_corruption_mild.jpg,corruption,mild
data\synthetic\clean_0043_corruption_medium.jpg,corruption,medium
data\synthetic\clean_0043_corruption_severe.jpg,corruption,severe
data\synthetic\clean_0043_visual_defect_mild.jpg,visual_defect,mild
data\synthetic\clean_0043_visual_defect_medium.jpg,visual_defect,medium
data\synthetic\clean_0043_visual_defect_severe.jpg,visual_defect,severe
data\synthetic\clean_0044_blur_mild.jpg,blur,mild
data\synthetic\clean_0044_blur_medium.jpg,blur,medium
data\synthetic\clean_0044_blur_severe.jpg,blur,severe
data\synthetic\clean_0044_underexposure_mild.jpg,underexposure,mild
data\synthetic\clean_0044_underexposure_medium.jpg,underexposure,medium
data\synthetic\clean_0044_underexposure_severe.jpg,underexposure,severe
data\synthetic\clean_0044_overexposure_mild.jpg,overexposure,mild
data\synthetic\clean_0044_overexposure_medium.jpg,overexposure,medium
data\synthetic\clean_0044_overexposure_severe.jpg,overexposure,severe
data\synthetic\clean_0044_noise_mild.jpg,noise,mild
data\synthetic\clean_0044_noise_medium.jpg,noise,medium
data\synthetic\clean_0044_noise_severe.jpg,noise,severe
data\synthetic\clean_0044_corruption_mild.jpg,corruption,mild
data\synthetic\clean_0044_corruption_medium.jpg,corruption,medium
data\synthetic\clean_0044_corruption_severe.jpg,corruption,severe
data\synthetic\clean_0044_visual_defect_mild.jpg,visual_defect,mild
data\synthetic\clean_0044_visual_defect_medium.jpg,visual_defect,medium
data\synthetic\clean_0044_visual_defect_severe.jpg,visual_defect,severe
data\synthetic\clean_0045_blur_mild.jpg,blur,mild
data\synthetic\clean_0045_blur_medium.jpg,blur,medium
data\synthetic\clean_0045_blur_severe.jpg,blur,severe
data\synthetic\clean_0045_underexposure_mild.jpg,underexposure,mild
data\synthetic\clean_0045_underexposure_medium.jpg,underexposure,medium
data\synthetic\clean_0045_underexposure_severe.jpg,underexposure,severe
data\synthetic\clean_0045_overexposure_mild.jpg,overexposure,mild
data\synthetic\clean_0045_overexposure_medium.jpg,overexposure,medium
data\synthetic\clean_0045_overexposure_severe.jpg,overexposure,severe
data\synthetic\clean_0045_noise_mild.jpg,noise,mild
data\synthetic\clean_0045_noise_medium.jpg,noise,medium
data\synthetic\clean_0045_noise_severe.jpg,noise,severe
data\synthetic\clean_0045_corruption_mild.jpg,corruption,mild
data\synthetic\clean_0045_corruption_medium.jpg,corruption,medium
data\synthetic\clean_0045_corruption_severe.jpg,corruption,severe
data\synthetic\clean_0045_visual_defect_mild.jpg,visual_defect,mild
data\synthetic\clean_0045_visual_defect_medium.jpg,visual_defect,medium
data\synthetic\clean_0045_visual_defect_severe.jpg,visual_defect,severe
data\synthetic\clean_0046_blur_mild.jpg,blur,mild
data\synthetic\clean_0046_blur_medium.jpg,blur,medium
data\synthetic\clean_0046_blur_severe.jpg,blur,severe
data\synthetic\clean_0046_underexposure_mild.jpg,underexposure,mild
data\synthetic\clean_0046_underexposure_medium.jpg,underexposure,medium
data\synthetic\clean_0046_underexposure_severe.jpg,underexposure,severe
data\synthetic\clean_0046_overexposure_mild.jpg,overexposure,mild
data\synthetic\clean_0046_overexposure_medium.jpg,overexposure,medium
data\synthetic\clean_0046_overexposure_severe.jpg,overexposure,severe
data\synthetic\clean_0046_noise_mild.jpg,noise,mild
data\synthetic\clean_0046_noise_medium.jpg,noise,medium
data\synthetic\clean_0046_noise_severe.jpg,noise,severe
data\synthetic\clean_0046_corruption_mild.jpg,corruption,mild
data\synthetic\clean_0046_corruption_medium.jpg,corruption,medium
data\synthetic\clean_0046_corruption_severe.jpg,corruption,severe
data\synthetic\clean_0046_visual_defect_mild.jpg,visual_defect,mild
data\synthetic\clean_0046_visual_defect_medium.jpg,visual_defect,medium
data\synthetic\clean_0046_visual_defect_severe.jpg,visual_defect,severe
data\synthetic\clean_0047_blur_mild.jpg,blur,mild
data\synthetic\clean_0047_blur_medium.jpg,blur,medium
data\synthetic\clean_0047_blur_severe.jpg,blur,severe
data\synthetic\clean_0047_underexposure_mild.jpg,underexposure,mild
data\synthetic\clean_0047_underexposure_medium.jpg,underexposure,medium
data\synthetic\clean_0047_underexposure_severe.jpg,underexposure,severe
data\synthetic\clean_0047_overexposure_mild.jpg,overexposure,mild
data\synthetic\clean_0047_overexposure_medium.jpg,overexposure,medium
data\synthetic\clean_0047_overexposure_severe.jpg,overexposure,severe
data\synthetic\clean_0047_noise_mild.jpg,noise,mild
data\synthetic\clean_0047_noise_medium.jpg,noise,medium
data\synthetic\clean_0047_noise_severe.jpg,noise,severe
data\synthetic\clean_0047_corruption_mild.jpg,corruption,mild
data\synthetic\clean_0047_corruption_medium.jpg,corruption,medium
data\synthetic\clean_0047_corruption_severe.jpg,corruption,severe
data\synthetic\clean_0047_visual_defect_mild.jpg,visual_defect,mild
data\synthetic\clean_0047_visual_defect_medium.jpg,visual_defect,medium
data\synthetic\clean_0047_visual_defect_severe.jpg,visual_defect,severe
data\synthetic\clean_0048_blur_mild.jpg,blur,mild
data\synthetic\clean_0048_blur_medium.jpg,blur,medium
data\synthetic\clean_0048_blur_severe.jpg,blur,severe
data\synthetic\clean_0048_underexposure_mild.jpg,underexposure,mild
data\synthetic\clean_0048_underexposure_medium.jpg,underexposure,medium
data\synthetic\clean_0048_underexposure_severe.jpg,underexposure,severe
data\synthetic\clean_0048_overexposure_mild.jpg,overexposure,mild
data\synthetic\clean_0048_overexposure_medium.jpg,overexposure,medium
data\synthetic\clean_0048_overexposure_severe.jpg,overexposure,severe
data\synthetic\clean_0048_noise_mild.jpg,noise,mild
data\synthetic\clean_0048_noise_medium.jpg,noise,medium
data\synthetic\clean_0048_noise_severe.jpg,noise,severe
data\synthetic\clean_0048_corruption_mild.jpg,corruption,mild
data\synthetic\clean_0048_corruption_medium.jpg,corruption,medium
data\synthetic\clean_0048_corruption_severe.jpg,corruption,severe
data\synthetic\clean_0048_visual_defect_mild.jpg,visual_defect,mild
data\synthetic\clean_0048_visual_defect_medium.jpg,visual_defect,medium
data\synthetic\clean_0048_visual_defect_severe.jpg,visual_defect,severe
data\synthetic\clean_0049_blur_mild.jpg,blur,mild
data\synthetic\clean_0049_blur_medium.jpg,blur,medium
data\synthetic\clean_0049_blur_severe.jpg,blur,severe
data\synthetic\clean_0049_underexposure_mild.jpg,underexposure,mild
data\synthetic\clean_0049_underexposure_medium.jpg,underexposure,medium
data\synthetic\clean_0049_underexposure_severe.jpg,underexposure,severe
data\synthetic\clean_0049_overexposure_mild.jpg,overexposure,mild
data\synthetic\clean_0049_overexposure_medium.jpg,overexposure,medium
data\synthetic\clean_0049_overexposure_severe.jpg,overexposure,severe
data\synthetic\clean_0049_noise_mild.jpg,noise,mild
data\synthetic\clean_0049_noise_medium.jpg,noise,medium
data\synthetic\clean_0049_noise_severe.jpg,noise,severe
data\synthetic\clean_0049_corruption_mild.jpg,corruption,mild
data\synthetic\clean_0049_corruption_medium.jpg,corruption,medium
data\synthetic\clean_0049_corruption_severe.jpg,corruption,severe
data\synthetic\clean_0049_visual_defect_mild.jpg,visual_defect,mild
data\synthetic\clean_0049_visual_defect_medium.jpg,visual_defect,medium
data\synthetic\clean_0049_visual_defect_severe.jpg,visual_defect,severe
data\synthetic\clean_0050_blur_mild.jpg,blur,mild
data\synthetic\clean_0050_blur_medium.jpg,blur,medium
data\synthetic\clean_0050_blur_severe.jpg,blur,severe
data\synthetic\clean_0050_underexposure_mild.jpg,underexposure,mild
data\synthetic\clean_0050_underexposure_medium.jpg,underexposure,medium
data\synthetic\clean_0050_underexposure_severe.jpg,underexposure,severe
data\synthetic\clean_0050_overexposure_mild.jpg,overexposure,mild
data\synthetic\clean_0050_overexposure_medium.jpg,overexposure,medium
data\synthetic\clean_0050_overexposure_severe.jpg,overexposure,severe
data\synthetic\clean_0050_noise_mild.jpg,noise,mild
data\synthetic\clean_0050_noise_medium.jpg,noise,medium
data\synthetic\clean_0050_noise_severe.jpg,noise,severe
data\synthetic\clean_0050_corruption_mild.jpg,corruption,mild
data\synthetic\clean_0050_corruption_medium.jpg,corruption,medium
data\synthetic\clean_0050_corruption_severe.jpg,corruption,severe
data\synthetic\clean_0050_visual_defect_mild.jpg,visual_defect,mild
data\synthetic\clean_0050_visual_defect_medium.jpg,visual_defect,medium
data\synthetic\clean_0050_visual_defect_severe.jpg,visual_defect,severe
data\synthetic\clean_0051_blur_mild.jpg,blur,mild
data\synthetic\clean_0051_blur_medium.jpg,blur,medium
data\synthetic\clean_0051_blur_severe.jpg,blur,severe
data\synthetic\clean_0051_underexposure_mild.jpg,underexposure,mild
data\synthetic\clean_0051_underexposure_medium.jpg,underexposure,medium
data\synthetic\clean_0051_underexposure_severe.jpg,underexposure,severe
data\synthetic\clean_0051_overexposure_mild.jpg,overexposure,mild
data\synthetic\clean_0051_overexposure_medium.jpg,overexposure,medium
data\synthetic\clean_0051_overexposure_severe.jpg,overexposure,severe
data\synthetic\clean_0051_noise_mild.jpg,noise,mild
data\synthetic\clean_0051_noise_medium.jpg,noise,medium
data\synthetic\clean_0051_noise_severe.jpg,noise,severe
data\synthetic\clean_0051_corruption_mild.jpg,corruption,mild
data\synthetic\clean_0051_corruption_medium.jpg,corruption,medium
data\synthetic\clean_0051_corruption_severe.jpg,corruption,severe
data\synthetic\clean_0051_visual_defect_mild.jpg,visual_defect,mild
data\synthetic\clean_0051_visual_defect_medium.jpg,visual_defect,medium
data\synthetic\clean_0051_visual_defect_severe.jpg,visual_defect,severe
data\synthetic\clean_0052_blur_mild.jpg,blur,mild
data\synthetic\clean_0052_blur_medium.jpg,blur,medium
data\synthetic\clean_0052_blur_severe.jpg,blur,severe
data\synthetic\clean_0052_underexposure_mild.jpg,underexposure,mild
data\synthetic\clean_0052_underexposure_medium.jpg,underexposure,medium
data\synthetic\clean_0052_underexposure_severe.jpg,underexposure,severe
data\synthetic\clean_0052_overexposure_mild.jpg,overexposure,mild
data\synthetic\clean_0052_overexposure_medium.jpg,overexposure,medium
data\synthetic\clean_0052_overexposure_severe.jpg,overexposure,severe
data\synthetic\clean_0052_noise_mild.jpg,noise,mild
data\synthetic\clean_0052_noise_medium.jpg,noise,medium
data\synthetic\clean_0052_noise_severe.jpg,noise,severe
data\synthetic\clean_0052_corruption_mild.jpg,corruption,mild
data\synthetic\clean_0052_corruption_medium.jpg,corruption,medium
data\synthetic\clean_0052_corruption_severe.jpg,corruption,severe
data\synthetic\clean_0052_visual_defect_mild.jpg,visual_defect,mild
data\synthetic\clean_0052_visual_defect_medium.jpg,visual_defect,medium
data\synthetic\clean_0052_visual_defect_severe.jpg,visual_defect,severe
data\synthetic\clean_0053_blur_mild.jpg,blur,mild
data\synthetic\clean_0053_blur_medium.jpg,blur,medium
data\synthetic\clean_0053_blur_severe.jpg,blur,severe
data\synthetic\clean_0053_underexposure_mild.jpg,underexposure,mild
data\synthetic\clean_0053_underexposure_medium.jpg,underexposure,medium
data\synthetic\clean_0053_underexposure_severe.jpg,underexposure,severe
data\synthetic\clean_0053_overexposure_mild.jpg,overexposure,mild
data\synthetic\clean_0053_overexposure_medium.jpg,overexposure,medium
data\synthetic\clean_0053_overexposure_severe.jpg,overexposure,severe
data\synthetic\clean_0053_noise_mild.jpg,noise,mild
data\synthetic\clean_0053_noise_medium.jpg,noise,medium
data\synthetic\clean_0053_noise_severe.jpg,noise,severe
data\synthetic\clean_0053_corruption_mild.jpg,corruption,mild
data\synthetic\clean_0053_corruption_medium.jpg,corruption,medium
data\synthetic\clean_0053_corruption_severe.jpg,corruption,severe
data\synthetic\clean_0053_visual_defect_mild.jpg,visual_defect,mild
data\synthetic\clean_0053_visual_defect_medium.jpg,visual_defect,medium
data\synthetic\clean_0053_visual_defect_severe.jpg,visual_defect,severe
data\synthetic\clean_0054_blur_mild.jpg,blur,mild
data\synthetic\clean_0054_blur_medium.jpg,blur,medium
data\synthetic\clean_0054_blur_severe.jpg,blur,severe
data\synthetic\clean_0054_underexposure_mild.jpg,underexposure,mild
data\synthetic\clean_0054_underexposure_medium.jpg,underexposure,medium
data\synthetic\clean_0054_underexposure_severe.jpg,underexposure,severe
data\synthetic\clean_0054_overexposure_mild.jpg,overexposure,mild
data\synthetic\clean_0054_overexposure_medium.jpg,overexposure,medium
data\synthetic\clean_0054_overexposure_severe.jpg,overexposure,severe
data\synthetic\clean_0054_noise_mild.jpg,noise,mild
data\synthetic\clean_0054_noise_medium.jpg,noise,medium
data\synthetic\clean_0054_noise_severe.jpg,noise,severe
data\synthetic\clean_0054_corruption_mild.jpg,corruption,mild
data\synthetic\clean_0054_corruption_medium.jpg,corruption,medium
data\synthetic\clean_0054_corruption_severe.jpg,corruption,severe
data\synthetic\clean_0054_visual_defect_mild.jpg,visual_defect,mild
data\synthetic\clean_0054_visual_defect_medium.jpg,visual_defect,medium
data\synthetic\clean_0054_visual_defect_severe.jpg,visual_defect,severe
data\synthetic\clean_0055_blur_mild.jpg,blur,mild
data\synthetic\clean_0055_blur_medium.jpg,blur,medium
data\synthetic\clean_0055_blur_severe.jpg,blur,severe
data\synthetic\clean_0055_underexposure_mild.jpg,underexposure,mild
data\synthetic\clean_0055_underexposure_medium.jpg,underexposure,medium
data\synthetic\clean_0055_underexposure_severe.jpg,underexposure,severe
data\synthetic\clean_0055_overexposure_mild.jpg,overexposure,mild
data\synthetic\clean_0055_overexposure_medium.jpg,overexposure,medium
data\synthetic\clean_0055_overexposure_severe.jpg,overexposure,severe
data\synthetic\clean_0055_noise_mild.jpg,noise,mild
data\synthetic\clean_0055_noise_medium.jpg,noise,medium
data\synthetic\clean_0055_noise_severe.jpg,noise,severe
data\synthetic\clean_0055_corruption_mild.jpg,corruption,mild
data\synthetic\clean_0055_corruption_medium.jpg,corruption,medium
data\synthetic\clean_0055_corruption_severe.jpg,corruption,severe
data\synthetic\clean_0055_visual_defect_mild.jpg,visual_defect,mild
data\synthetic\clean_0055_visual_defect_medium.jpg,visual_defect,medium
data\synthetic\clean_0055_visual_defect_severe.jpg,visual_defect,severe
data\synthetic\clean_0056_blur_mild.jpg,blur,mild
data\synthetic\clean_0056_blur_medium.jpg,blur,medium
data\synthetic\clean_0056_blur_severe.jpg,blur,severe
data\synthetic\clean_0056_underexposure_mild.jpg,underexposure,mild
data\synthetic\clean_0056_underexposure_medium.jpg,underexposure,medium
data\synthetic\clean_0056_underexposure_severe.jpg,underexposure,severe
data\synthetic\clean_0056_overexposure_mild.jpg,overexposure,mild
data\synthetic\clean_0056_overexposure_medium.jpg,overexposure,medium
data\synthetic\clean_0056_overexposure_severe.jpg,overexposure,severe
data\synthetic\clean_0056_noise_mild.jpg,noise,mild
data\synthetic\clean_0056_noise_medium.jpg,noise,medium
data\synthetic\clean_0056_noise_severe.jpg,noise,severe
data\synthetic\clean_0056_corruption_mild.jpg,corruption,mild
data\synthetic\clean_0056_corruption_medium.jpg,corruption,medium
data\synthetic\clean_0056_corruption_severe.jpg,corruption,severe
data\synthetic\clean_0056_visual_defect_mild.jpg,visual_defect,mild
data\synthetic\clean_0056_visual_defect_medium.jpg,visual_defect,medium
data\synthetic\clean_0056_visual_defect_severe.jpg,visual_defect,severe
data\synthetic\clean_0057_blur_mild.jpg,blur,mild
data\synthetic\clean_0057_blur_medium.jpg,blur,medium
data\synthetic\clean_0057_blur_severe.jpg,blur,severe
data\synthetic\clean_0057_underexposure_mild.jpg,underexposure,mild
data\synthetic\clean_0057_underexposure_medium.jpg,underexposure,medium
data\synthetic\clean_0057_underexposure_severe.jpg,underexposure,severe
data\synthetic\clean_0057_overexposure_mild.jpg,overexposure,mild
data\synthetic\clean_0057_overexposure_medium.jpg,overexposure,medium
data\synthetic\clean_0057_overexposure_severe.jpg,overexposure,severe
data\synthetic\clean_0057_noise_mild.jpg,noise,mild
data\synthetic\clean_0057_noise_medium.jpg,noise,medium
data\synthetic\clean_0057_noise_severe.jpg,noise,severe
data\synthetic\clean_0057_corruption_mild.jpg,corruption,mild
data\synthetic\clean_0057_corruption_medium.jpg,corruption,medium
data\synthetic\clean_0057_corruption_severe.jpg,corruption,severe
data\synthetic\clean_0057_visual_defect_mild.jpg,visual_defect,mild
data\synthetic\clean_0057_visual_defect_medium.jpg,visual_defect,medium
data\synthetic\clean_0057_visual_defect_severe.jpg,visual_defect,severe
data\synthetic\clean_0058_blur_mild.jpg,blur,mild
data\synthetic\clean_0058_blur_medium.jpg,blur,medium
data\synthetic\clean_0058_blur_severe.jpg,blur,severe
data\synthetic\clean_0058_underexposure_mild.jpg,underexposure,mild
data\synthetic\clean_0058_underexposure_medium.jpg,underexposure,medium
data\synthetic\clean_0058_underexposure_severe.jpg,underexposure,severe
data\synthetic\clean_0058_overexposure_mild.jpg,overexposure,mild
data\synthetic\clean_0058_overexposure_medium.jpg,overexposure,medium
data\synthetic\clean_0058_overexposure_severe.jpg,overexposure,severe
data\synthetic\clean_0058_noise_mild.jpg,noise,mild
data\synthetic\clean_0058_noise_medium.jpg,noise,medium
data\synthetic\clean_0058_noise_severe.jpg,noise,severe
data\synthetic\clean_0058_corruption_mild.jpg,corruption,mild
data\synthetic\clean_0058_corruption_medium.jpg,corruption,medium
data\synthetic\clean_0058_corruption_severe.jpg,corruption,severe
data\synthetic\clean_0058_visual_defect_mild.jpg,visual_defect,mild
data\synthetic\clean_0058_visual_defect_medium.jpg,visual_defect,medium
data\synthetic\clean_0058_visual_defect_severe.jpg,visual_defect,severe
data\synthetic\clean_0059_blur_mild.jpg,blur,mild
data\synthetic\clean_0059_blur_medium.jpg,blur,medium
data\synthetic\clean_0059_blur_severe.jpg,blur,severe
data\synthetic\clean_0059_underexposure_mild.jpg,underexposure,mild
data\synthetic\clean_0059_underexposure_medium.jpg,underexposure,medium
data\synthetic\clean_0059_underexposure_severe.jpg,underexposure,severe
data\synthetic\clean_0059_overexposure_mild.jpg,overexposure,mild
data\synthetic\clean_0059_overexposure_medium.jpg,overexposure,medium
data\synthetic\clean_0059_overexposure_severe.jpg,overexposure,severe
data\synthetic\clean_0059_noise_mild.jpg,noise,mild
data\synthetic\clean_0059_noise_medium.jpg,noise,medium
data\synthetic\clean_0059_noise_severe.jpg,noise,severe
data\synthetic\clean_0059_corruption_mild.jpg,corruption,mild
data\synthetic\clean_0059_corruption_medium.jpg,corruption,medium
data\synthetic\clean_0059_corruption_severe.jpg,corruption,severe
data\synthetic\clean_0059_visual_defect_mild.jpg,visual_defect,mild
data\synthetic\clean_0059_visual_defect_medium.jpg,visual_defect,medium
data\synthetic\clean_0059_visual_defect_severe.jpg,visual_defect,severe
data\synthetic\clean_0060_blur_mild.jpg,blur,mild
data\synthetic\clean_0060_blur_medium.jpg,blur,medium
data\synthetic\clean_0060_blur_severe.jpg,blur,severe
data\synthetic\clean_0060_underexposure_mild.jpg,underexposure,mild
data\synthetic\clean_0060_underexposure_medium.jpg,underexposure,medium
data\synthetic\clean_0060_underexposure_severe.jpg,underexposure,severe
data\synthetic\clean_0060_overexposure_mild.jpg,overexposure,mild
data\synthetic\clean_0060_overexposure_medium.jpg,overexposure,medium
data\synthetic\clean_0060_overexposure_severe.jpg,overexposure,severe
data\synthetic\clean_0060_noise_mild.jpg,noise,mild
data\synthetic\clean_0060_noise_medium.jpg,noise,medium
data\synthetic\clean_0060_noise_severe.jpg,noise,severe
data\synthetic\clean_0060_corruption_mild.jpg,corruption,mild
data\synthetic\clean_0060_corruption_medium.jpg,corruption,medium
data\synthetic\clean_0060_corruption_severe.jpg,corruption,severe
data\synthetic\clean_0060_visual_defect_mild.jpg,visual_defect,mild
data\synthetic\clean_0060_visual_defect_medium.jpg,visual_defect,medium
data\synthetic\clean_0060_visual_defect_severe.jpg,visual_defect,severe
data\synthetic\clean_0061_blur_mild.jpg,blur,mild
data\synthetic\clean_0061_blur_medium.jpg,blur,medium
data\synthetic\clean_0061_blur_severe.jpg,blur,severe
data\synthetic\clean_0061_underexposure_mild.jpg,underexposure,mild
data\synthetic\clean_0061_underexposure_medium.jpg,underexposure,medium
data\synthetic\clean_0061_underexposure_severe.jpg,underexposure,severe
data\synthetic\clean_0061_overexposure_mild.jpg,overexposure,mild
data\synthetic\clean_0061_overexposure_medium.jpg,overexposure,medium
data\synthetic\clean_0061_overexposure_severe.jpg,overexposure,severe
data\synthetic\clean_0061_noise_mild.jpg,noise,mild
data\synthetic\clean_0061_noise_medium.jpg,noise,medium
data\synthetic\clean_0061_noise_severe.jpg,noise,severe
data\synthetic\clean_0061_corruption_mild.jpg,corruption,mild
data\synthetic\clean_0061_corruption_medium.jpg,corruption,medium
data\synthetic\clean_0061_corruption_severe.jpg,corruption,severe
data\synthetic\clean_0061_visual_defect_mild.jpg,visual_defect,mild
data\synthetic\clean_0061_visual_defect_medium.jpg,visual_defect,medium
data\synthetic\clean_0061_visual_defect_severe.jpg,visual_defect,severe
data\synthetic\clean_0062_blur_mild.jpg,blur,mild
data\synthetic\clean_0062_blur_medium.jpg,blur,medium
data\synthetic\clean_0062_blur_severe.jpg,blur,severe
data\synthetic\clean_0062_underexposure_mild.jpg,underexposure,mild
data\synthetic\clean_0062_underexposure_medium.jpg,underexposure,medium
data\synthetic\clean_0062_underexposure_severe.jpg,underexposure,severe
data\synthetic\clean_0062_overexposure_mild.jpg,overexposure,mild
data\synthetic\clean_0062_overexposure_medium.jpg,overexposure,medium
data\synthetic\clean_0062_overexposure_severe.jpg,overexposure,severe
data\synthetic\clean_0062_noise_mild.jpg,noise,mild
data\synthetic\clean_0062_noise_medium.jpg,noise,medium
data\synthetic\clean_0062_noise_severe.jpg,noise,severe
data\synthetic\clean_0062_corruption_mild.jpg,corruption,mild
data\synthetic\clean_0062_corruption_medium.jpg,corruption,medium
data\synthetic\clean_0062_corruption_severe.jpg,corruption,severe
data\synthetic\clean_0062_visual_defect_mild.jpg,visual_defect,mild
data\synthetic\clean_0062_visual_defect_medium.jpg,visual_defect,medium
data\synthetic\clean_0062_visual_defect_severe.jpg,visual_defect,severe
data\synthetic\clean_0063_blur_mild.jpg,blur,mild
data\synthetic\clean_0063_blur_medium.jpg,blur,medium
data\synthetic\clean_0063_blur_severe.jpg,blur,severe
data\synthetic\clean_0063_underexposure_mild.jpg,underexposure,mild
data\synthetic\clean_0063_underexposure_medium.jpg,underexposure,medium
data\synthetic\clean_0063_underexposure_severe.jpg,underexposure,severe
data\synthetic\clean_0063_overexposure_mild.jpg,overexposure,mild
data\synthetic\clean_0063_overexposure_medium.jpg,overexposure,medium
data\synthetic\clean_0063_overexposure_severe.jpg,overexposure,severe
data\synthetic\clean_0063_noise_mild.jpg,noise,mild
data\synthetic\clean_0063_noise_medium.jpg,noise,medium
data\synthetic\clean_0063_noise_severe.jpg,noise,severe
data\synthetic\clean_0063_corruption_mild.jpg,corruption,mild
data\synthetic\clean_0063_corruption_medium.jpg,corruption,medium
data\synthetic\clean_0063_corruption_severe.jpg,corruption,severe
data\synthetic\clean_0063_visual_defect_mild.jpg,visual_defect,mild
data\synthetic\clean_0063_visual_defect_medium.jpg,visual_defect,medium
data\synthetic\clean_0063_visual_defect_severe.jpg,visual_defect,severe
data\synthetic\clean_0064_blur_mild.jpg,blur,mild
data\synthetic\clean_0064_blur_medium.jpg,blur,medium
data\synthetic\clean_0064_blur_severe.jpg,blur,severe
data\synthetic\clean_0064_underexposure_mild.jpg,underexposure,mild
data\synthetic\clean_0064_underexposure_medium.jpg,underexposure,medium
data\synthetic\clean_0064_underexposure_severe.jpg,underexposure,severe
data\synthetic\clean_0064_overexposure_mild.jpg,overexposure,mild
data\synthetic\clean_0064_overexposure_medium.jpg,overexposure,medium
data\synthetic\clean_0064_overexposure_severe.jpg,overexposure,severe
data\synthetic\clean_0064_noise_mild.jpg,noise,mild
data\synthetic\clean_0064_noise_medium.jpg,noise,medium
data\synthetic\clean_0064_noise_severe.jpg,noise,severe
data\synthetic\clean_0064_corruption_mild.jpg,corruption,mild
data\synthetic\clean_0064_corruption_medium.jpg,corruption,medium
data\synthetic\clean_0064_corruption_severe.jpg,corruption,severe
data\synthetic\clean_0064_visual_defect_mild.jpg,visual_defect,mild
data\synthetic\clean_0064_visual_defect_medium.jpg,visual_defect,medium
data\synthetic\clean_0064_visual_defect_severe.jpg,visual_defect,severe
data\synthetic\clean_0065_blur_mild.jpg,blur,mild
data\synthetic\clean_0065_blur_medium.jpg,blur,medium
data\synthetic\clean_0065_blur_severe.jpg,blur,severe
data\synthetic\clean_0065_underexposure_mild.jpg,underexposure,mild
data\synthetic\clean_0065_underexposure_medium.jpg,underexposure,medium
data\synthetic\clean_0065_underexposure_severe.jpg,underexposure,severe
data\synthetic\clean_0065_overexposure_mild.jpg,overexposure,mild
data\synthetic\clean_0065_overexposure_medium.jpg,overexposure,medium
data\synthetic\clean_0065_overexposure_severe.jpg,overexposure,severe
data\synthetic\clean_0065_noise_mild.jpg,noise,mild
data\synthetic\clean_0065_noise_medium.jpg,noise,medium
data\synthetic\clean_0065_noise_severe.jpg,noise,severe
data\synthetic\clean_0065_corruption_mild.jpg,corruption,mild
data\synthetic\clean_0065_corruption_medium.jpg,corruption,medium
data\synthetic\clean_0065_corruption_severe.jpg,corruption,severe
data\synthetic\clean_0065_visual_defect_mild.jpg,visual_defect,mild
data\synthetic\clean_0065_visual_defect_medium.jpg,visual_defect,medium
data\synthetic\clean_0065_visual_defect_severe.jpg,visual_defect,severe
data\synthetic\clean_0066_blur_mild.jpg,blur,mild
data\synthetic\clean_0066_blur_medium.jpg,blur,medium
data\synthetic\clean_0066_blur_severe.jpg,blur,severe
data\synthetic\clean_0066_underexposure_mild.jpg,underexposure,mild
data\synthetic\clean_0066_underexposure_medium.jpg,underexposure,medium
data\synthetic\clean_0066_underexposure_severe.jpg,underexposure,severe
data\synthetic\clean_0066_overexposure_mild.jpg,overexposure,mild
data\synthetic\clean_0066_overexposure_medium.jpg,overexposure,medium
data\synthetic\clean_0066_overexposure_severe.jpg,overexposure,severe
data\synthetic\clean_0066_noise_mild.jpg,noise,mild
data\synthetic\clean_0066_noise_medium.jpg,noise,medium
data\synthetic\clean_0066_noise_severe.jpg,noise,severe
data\synthetic\clean_0066_corruption_mild.jpg,corruption,mild
data\synthetic\clean_0066_corruption_medium.jpg,corruption,medium
data\synthetic\clean_0066_corruption_severe.jpg,corruption,severe
data\synthetic\clean_0066_visual_defect_mild.jpg,visual_defect,mild
data\synthetic\clean_0066_visual_defect_medium.jpg,visual_defect,medium
data\synthetic\clean_0066_visual_defect_severe.jpg,visual_defect,severe
data\synthetic\clean_0067_blur_mild.jpg,blur,mild
data\synthetic\clean_0067_blur_medium.jpg,blur,medium
data\synthetic\clean_0067_blur_severe.jpg,blur,severe
data\synthetic\clean_0067_underexposure_mild.jpg,underexposure,mild
data\synthetic\clean_0067_underexposure_medium.jpg,underexposure,medium
data\synthetic\clean_0067_underexposure_severe.jpg,underexposure,severe
data\synthetic\clean_0067_overexposure_mild.jpg,overexposure,mild
data\synthetic\clean_0067_overexposure_medium.jpg,overexposure,medium
data\synthetic\clean_0067_overexposure_severe.jpg,overexposure,severe
data\synthetic\clean_0067_noise_mild.jpg,noise,mild
data\synthetic\clean_0067_noise_medium.jpg,noise,medium
data\synthetic\clean_0067_noise_severe.jpg,noise,severe
data\synthetic\clean_0067_corruption_mild.jpg,corruption,mild
data\synthetic\clean_0067_corruption_medium.jpg,corruption,medium
data\synthetic\clean_0067_corruption_severe.jpg,corruption,severe
data\synthetic\clean_0067_visual_defect_mild.jpg,visual_defect,mild
data\synthetic\clean_0067_visual_defect_medium.jpg,visual_defect,medium
data\synthetic\clean_0067_visual_defect_severe.jpg,visual_defect,severe
data\synthetic\clean_0068_blur_mild.jpg,blur,mild
data\synthetic\clean_0068_blur_medium.jpg,blur,medium
data\synthetic\clean_0068_blur_severe.jpg,blur,severe
data\synthetic\clean_0068_underexposure_mild.jpg,underexposure,mild
data\synthetic\clean_0068_underexposure_medium.jpg,underexposure,medium
data\synthetic\clean_0068_underexposure_severe.jpg,underexposure,severe
data\synthetic\clean_0068_overexposure_mild.jpg,overexposure,mild
data\synthetic\clean_0068_overexposure_medium.jpg,overexposure,medium
data\synthetic\clean_0068_overexposure_severe.jpg,overexposure,severe
data\synthetic\clean_0068_noise_mild.jpg,noise,mild
data\synthetic\clean_0068_noise_medium.jpg,noise,medium
data\synthetic\clean_0068_noise_severe.jpg,noise,severe
data\synthetic\clean_0068_corruption_mild.jpg,corruption,mild
data\synthetic\clean_0068_corruption_medium.jpg,corruption,medium
data\synthetic\clean_0068_corruption_severe.jpg,corruption,severe
data\synthetic\clean_0068_visual_defect_mild.jpg,visual_defect,mild
data\synthetic\clean_0068_visual_defect_medium.jpg,visual_defect,medium
data\synthetic\clean_0068_visual_defect_severe.jpg,visual_defect,severe
data\synthetic\clean_0069_blur_mild.jpg,blur,mild
data\synthetic\clean_0069_blur_medium.jpg,blur,medium
data\synthetic\clean_0069_blur_severe.jpg,blur,severe
data\synthetic\clean_0069_underexposure_mild.jpg,underexposure,mild
data\synthetic\clean_0069_underexposure_medium.jpg,underexposure,medium
data\synthetic\clean_0069_underexposure_severe.jpg,underexposure,severe
data\synthetic\clean_0069_overexposure_mild.jpg,overexposure,mild
data\synthetic\clean_0069_overexposure_medium.jpg,overexposure,medium
data\synthetic\clean_0069_overexposure_severe.jpg,overexposure,severe
data\synthetic\clean_0069_noise_mild.jpg,noise,mild
data\synthetic\clean_0069_noise_medium.jpg,noise,medium
data\synthetic\clean_0069_noise_severe.jpg,noise,severe
data\synthetic\clean_0069_corruption_mild.jpg,corruption,mild
data\synthetic\clean_0069_corruption_medium.jpg,corruption,medium
data\synthetic\clean_0069_corruption_severe.jpg,corruption,severe
data\synthetic\clean_0069_visual_defect_mild.jpg,visual_defect,mild
data\synthetic\clean_0069_visual_defect_medium.jpg,visual_defect,medium
data\synthetic\clean_0069_visual_defect_severe.jpg,visual_defect,severe
data\synthetic\clean_0070_blur_mild.jpg,blur,mild
data\synthetic\clean_0070_blur_medium.jpg,blur,medium
data\synthetic\clean_0070_blur_severe.jpg,blur,severe
data\synthetic\clean_0070_underexposure_mild.jpg,underexposure,mild
data\synthetic\clean_0070_underexposure_medium.jpg,underexposure,medium
data\synthetic\clean_0070_underexposure_severe.jpg,underexposure,severe
data\synthetic\clean_0070_overexposure_mild.jpg,overexposure,mild
data\synthetic\clean_0070_overexposure_medium.jpg,overexposure,medium
data\synthetic\clean_0070_overexposure_severe.jpg,overexposure,severe
data\synthetic\clean_0070_noise_mild.jpg,noise,mild
data\synthetic\clean_0070_noise_medium.jpg,noise,medium
data\synthetic\clean_0070_noise_severe.jpg,noise,severe
data\synthetic\clean_0070_corruption_mild.jpg,corruption,mild
data\synthetic\clean_0070_corruption_medium.jpg,corruption,medium
data\synthetic\clean_0070_corruption_severe.jpg,corruption,severe
data\synthetic\clean_0070_visual_defect_mild.jpg,visual_defect,mild
data\synthetic\clean_0070_visual_defect_medium.jpg,visual_defect,medium
data\synthetic\clean_0070_visual_defect_severe.jpg,visual_defect,severe
data\synthetic\clean_0071_blur_mild.jpg,blur,mild
data\synthetic\clean_0071_blur_medium.jpg,blur,medium
data\synthetic\clean_0071_blur_severe.jpg,blur,severe
data\synthetic\clean_0071_underexposure_mild.jpg,underexposure,mild
data\synthetic\clean_0071_underexposure_medium.jpg,underexposure,medium
data\synthetic\clean_0071_underexposure_severe.jpg,underexposure,severe
data\synthetic\clean_0071_overexposure_mild.jpg,overexposure,mild
data\synthetic\clean_0071_overexposure_medium.jpg,overexposure,medium
data\synthetic\clean_0071_overexposure_severe.jpg,overexposure,severe
data\synthetic\clean_0071_noise_mild.jpg,noise,mild
data\synthetic\clean_0071_noise_medium.jpg,noise,medium
data\synthetic\clean_0071_noise_severe.jpg,noise,severe
data\synthetic\clean_0071_corruption_mild.jpg,corruption,mild
data\synthetic\clean_0071_corruption_medium.jpg,corruption,medium
data\synthetic\clean_0071_corruption_severe.jpg,corruption,severe
data\synthetic\clean_0071_visual_defect_mild.jpg,visual_defect,mild
data\synthetic\clean_0071_visual_defect_medium.jpg,visual_defect,medium
data\synthetic\clean_0071_visual_defect_severe.jpg,visual_defect,severe
data\synthetic\clean_0072_blur_mild.jpg,blur,mild
data\synthetic\clean_0072_blur_medium.jpg,blur,medium
data\synthetic\clean_0072_blur_severe.jpg,blur,severe
data\synthetic\clean_0072_underexposure_mild.jpg,underexposure,mild
data\synthetic\clean_0072_underexposure_medium.jpg,underexposure,medium
data\synthetic\clean_0072_underexposure_severe.jpg,underexposure,severe
data\synthetic\clean_0072_overexposure_mild.jpg,overexposure,mild
data\synthetic\clean_0072_overexposure_medium.jpg,overexposure,medium
data\synthetic\clean_0072_overexposure_severe.jpg,overexposure,severe
data\synthetic\clean_0072_noise_mild.jpg,noise,mild
data\synthetic\clean_0072_noise_medium.jpg,noise,medium
data\synthetic\clean_0072_noise_severe.jpg,noise,severe
data\synthetic\clean_0072_corruption_mild.jpg,corruption,mild
data\synthetic\clean_0072_corruption_medium.jpg,corruption,medium
data\synthetic\clean_0072_corruption_severe.jpg,corruption,severe
data\synthetic\clean_0072_visual_defect_mild.jpg,visual_defect,mild
data\synthetic\clean_0072_visual_defect_medium.jpg,visual_defect,medium
data\synthetic\clean_0072_visual_defect_severe.jpg,visual_defect,severe
data\synthetic\clean_0073_blur_mild.jpg,blur,mild
data\synthetic\clean_0073_blur_medium.jpg,blur,medium
data\synthetic\clean_0073_blur_severe.jpg,blur,severe
data\synthetic\clean_0073_underexposure_mild.jpg,underexposure,mild
data\synthetic\clean_0073_underexposure_medium.jpg,underexposure,medium
data\synthetic\clean_0073_underexposure_severe.jpg,underexposure,severe
data\synthetic\clean_0073_overexposure_mild.jpg,overexposure,mild
data\synthetic\clean_0073_overexposure_medium.jpg,overexposure,medium
data\synthetic\clean_0073_overexposure_severe.jpg,overexposure,severe
data\synthetic\clean_0073_noise_mild.jpg,noise,mild
data\synthetic\clean_0073_noise_medium.jpg,noise,medium
data\synthetic\clean_0073_noise_severe.jpg,noise,severe
data\synthetic\clean_0073_corruption_mild.jpg,corruption,mild
data\synthetic\clean_0073_corruption_medium.jpg,corruption,medium
data\synthetic\clean_0073_corruption_severe.jpg,corruption,severe
data\synthetic\clean_0073_visual_defect_mild.jpg,visual_defect,mild
data\synthetic\clean_0073_visual_defect_medium.jpg,visual_defect,medium
data\synthetic\clean_0073_visual_defect_severe.jpg,visual_defect,severe
data\synthetic\clean_0074_blur_mild.jpg,blur,mild
data\synthetic\clean_0074_blur_medium.jpg,blur,medium
data\synthetic\clean_0074_blur_severe.jpg,blur,severe
data\synthetic\clean_0074_underexposure_mild.jpg,underexposure,mild
data\synthetic\clean_0074_underexposure_medium.jpg,underexposure,medium
data\synthetic\clean_0074_underexposure_severe.jpg,underexposure,severe
data\synthetic\clean_0074_overexposure_mild.jpg,overexposure,mild
data\synthetic\clean_0074_overexposure_medium.jpg,overexposure,medium
data\synthetic\clean_0074_overexposure_severe.jpg,overexposure,severe
data\synthetic\clean_0074_noise_mild.jpg,noise,mild
data\synthetic\clean_0074_noise_medium.jpg,noise,medium
data\synthetic\clean_0074_noise_severe.jpg,noise,severe
data\synthetic\clean_0074_corruption_mild.jpg,corruption,mild
data\synthetic\clean_0074_corruption_medium.jpg,corruption,medium
data\synthetic\clean_0074_corruption_severe.jpg,corruption,severe
data\synthetic\clean_0074_visual_defect_mild.jpg,visual_defect,mild
data\synthetic\clean_0074_visual_defect_medium.jpg,visual_defect,medium
data\synthetic\clean_0074_visual_defect_severe.jpg,visual_defect,severe
data\synthetic\clean_0075_blur_mild.jpg,blur,mild
data\synthetic\clean_0075_blur_medium.jpg,blur,medium
data\synthetic\clean_0075_blur_severe.jpg,blur,severe
data\synthetic\clean_0075_underexposure_mild.jpg,underexposure,mild
data\synthetic\clean_0075_underexposure_medium.jpg,underexposure,medium
data\synthetic\clean_0075_underexposure_severe.jpg,underexposure,severe
data\synthetic\clean_0075_overexposure_mild.jpg,overexposure,mild
data\synthetic\clean_0075_overexposure_medium.jpg,overexposure,medium
data\synthetic\clean_0075_overexposure_severe.jpg,overexposure,severe
data\synthetic\clean_0075_noise_mild.jpg,noise,mild
data\synthetic\clean_0075_noise_medium.jpg,noise,medium
data\synthetic\clean_0075_noise_severe.jpg,noise,severe
data\synthetic\clean_0075_corruption_mild.jpg,corruption,mild
data\synthetic\clean_0075_corruption_medium.jpg,corruption,medium
data\synthetic\clean_0075_corruption_severe.jpg,corruption,severe
data\synthetic\clean_0075_visual_defect_mild.jpg,visual_defect,mild
data\synthetic\clean_0075_visual_defect_medium.jpg,visual_defect,medium
data\synthetic\clean_0075_visual_defect_severe.jpg,visual_defect,severe
data\synthetic\clean_0076_blur_mild.jpg,blur,mild
data\synthetic\clean_0076_blur_medium.jpg,blur,medium
data\synthetic\clean_0076_blur_severe.jpg,blur,severe
data\synthetic\clean_0076_underexposure_mild.jpg,underexposure,mild
data\synthetic\clean_0076_underexposure_medium.jpg,underexposure,medium
data\synthetic\clean_0076_underexposure_severe.jpg,underexposure,severe
data\synthetic\clean_0076_overexposure_mild.jpg,overexposure,mild
data\synthetic\clean_0076_overexposure_medium.jpg,overexposure,medium
data\synthetic\clean_0076_overexposure_severe.jpg,overexposure,severe
data\synthetic\clean_0076_noise_mild.jpg,noise,mild
data\synthetic\clean_0076_noise_medium.jpg,noise,medium
data\synthetic\clean_0076_noise_severe.jpg,noise,severe
data\synthetic\clean_0076_corruption_mild.jpg,corruption,mild
data\synthetic\clean_0076_corruption_medium.jpg,corruption,medium
data\synthetic\clean_0076_corruption_severe.jpg,corruption,severe
data\synthetic\clean_0076_visual_defect_mild.jpg,visual_defect,mild
data\synthetic\clean_0076_visual_defect_medium.jpg,visual_defect,medium
data\synthetic\clean_0076_visual_defect_severe.jpg,visual_defect,severe
data\synthetic\clean_0077_blur_mild.jpg,blur,mild
data\synthetic\clean_0077_blur_medium.jpg,blur,medium
data\synthetic\clean_0077_blur_severe.jpg,blur,severe
data\synthetic\clean_0077_underexposure_mild.jpg,underexposure,mild
data\synthetic\clean_0077_underexposure_medium.jpg,underexposure,medium
data\synthetic\clean_0077_underexposure_severe.jpg,underexposure,severe
data\synthetic\clean_0077_overexposure_mild.jpg,overexposure,mild
data\synthetic\clean_0077_overexposure_medium.jpg,overexposure,medium
data\synthetic\clean_0077_overexposure_severe.jpg,overexposure,severe
data\synthetic\clean_0077_noise_mild.jpg,noise,mild
data\synthetic\clean_0077_noise_medium.jpg,noise,medium
data\synthetic\clean_0077_noise_severe.jpg,noise,severe
data\synthetic\clean_0077_corruption_mild.jpg,corruption,mild
data\synthetic\clean_0077_corruption_medium.jpg,corruption,medium
data\synthetic\clean_0077_corruption_severe.jpg,corruption,severe
data\synthetic\clean_0077_visual_defect_mild.jpg,visual_defect,mild
data\synthetic\clean_0077_visual_defect_medium.jpg,visual_defect,medium
data\synthetic\clean_0077_visual_defect_severe.jpg,visual_defect,severe
data\synthetic\clean_0078_blur_mild.jpg,blur,mild
data\synthetic\clean_0078_blur_medium.jpg,blur,medium
data\synthetic\clean_0078_blur_severe.jpg,blur,severe
data\synthetic\clean_0078_underexposure_mild.jpg,underexposure,mild
data\synthetic\clean_0078_underexposure_medium.jpg,underexposure,medium
data\synthetic\clean_0078_underexposure_severe.jpg,underexposure,severe
data\synthetic\clean_0078_overexposure_mild.jpg,overexposure,mild
data\synthetic\clean_0078_overexposure_medium.jpg,overexposure,medium
data\synthetic\clean_0078_overexposure_severe.jpg,overexposure,severe
data\synthetic\clean_0078_noise_mild.jpg,noise,mild
data\synthetic\clean_0078_noise_medium.jpg,noise,medium
data\synthetic\clean_0078_noise_severe.jpg,noise,severe
data\synthetic\clean_0078_corruption_mild.jpg,corruption,mild
data\synthetic\clean_0078_corruption_medium.jpg,corruption,medium
data\synthetic\clean_0078_corruption_severe.jpg,corruption,severe
data\synthetic\clean_0078_visual_defect_mild.jpg,visual_defect,mild
data\synthetic\clean_0078_visual_defect_medium.jpg,visual_defect,medium
data\synthetic\clean_0078_visual_defect_severe.jpg,visual_defect,severe
data\synthetic\clean_0079_blur_mild.jpg,blur,mild
data\synthetic\clean_0079_blur_medium.jpg,blur,medium
data\synthetic\clean_0079_blur_severe.jpg,blur,severe
data\synthetic\clean_0079_underexposure_mild.jpg,underexposure,mild
data\synthetic\clean_0079_underexposure_medium.jpg,underexposure,medium
data\synthetic\clean_0079_underexposure_severe.jpg,underexposure,severe
data\synthetic\clean_0079_overexposure_mild.jpg,overexposure,mild
data\synthetic\clean_0079_overexposure_medium.jpg,overexposure,medium
data\synthetic\clean_0079_overexposure_severe.jpg,overexposure,severe
data\synthetic\clean_0079_noise_mild.jpg,noise,mild
data\synthetic\clean_0079_noise_medium.jpg,noise,medium
data\synthetic\clean_0079_noise_severe.jpg,noise,severe
data\synthetic\clean_0079_corruption_mild.jpg,corruption,mild
data\synthetic\clean_0079_corruption_medium.jpg,corruption,medium
data\synthetic\clean_0079_corruption_severe.jpg,corruption,severe
data\synthetic\clean_0079_visual_defect_mild.jpg,visual_defect,mild
data\synthetic\clean_0079_visual_defect_medium.jpg,visual_defect,medium
data\synthetic\clean_0079_visual_defect_severe.jpg,visual_defect,severe
